row,word,english_meaning,word_tier,english_meaning_tier,kid_safe,also_in_es,flags,verdict (keep/fix/cut),fix_word,fix_meaning,note
1,あい,love,medium,easy,yes,yes,short-hiragana-homophone-risk,,,,
2,あお,blue,easy,easy,yes,yes,short-hiragana-homophone-risk,,,,
3,あか,red,medium,easy,yes,yes,short-hiragana-homophone-risk,,,,
4,あかちゃん,baby,medium,easy,yes,yes,,,,,
5,あける,open,expert,easy,yes,yes,sense-check,,,,
6,あげる,give,easy,easy,yes,yes,,,,,
7,あさ,morning,easy,hard,yes,yes,short-hiragana-homophone-risk,,,,
8,あし,foot,expert,easy,yes,yes,sense-check short-hiragana-homophone-risk,,,,
9,あそぶ,play,expert,easy,yes,yes,sense-check,,,,
10,あたたかい,warm,expert,easy,yes,yes,,,,,
11,あたま,head,easy,easy,yes,yes,sense-check,,,,
12,あたらしい,new,expert,easy,yes,yes,,,,,
13,あつい,hot,expert,easy,yes,yes,,,,,
14,あに,brother,expert,medium,yes,yes,short-hiragana-homophone-risk,,,,
15,あね,sister,easy,medium,yes,yes,short-hiragana-homophone-risk,,,,
16,あひる,duck,expert,easy,yes,yes,sense-check,,,,
17,あめ,rain,expert,easy,yes,yes,short-hiragana-homophone-risk,,,,
18,あるく,walk,expert,easy,yes,yes,,,,,
19,いいえ,no,medium,easy,yes,yes,,,,,
20,いえ,house,easy,medium,yes,yes,short-hiragana-homophone-risk,,,,
21,いし,stone,medium,medium,yes,yes,short-hiragana-homophone-risk,,,,
22,いたみ,pain,expert,easy,yes,yes,,,,,
23,いち,one,medium,easy,yes,yes,short-hiragana-homophone-risk,,,,
24,いちば,market,easy,medium,yes,yes,,,,,
25,いつも,always,easy,medium,yes,yes,,,,,
26,いど,well,hard,easy,yes,yes,sense-check short-hiragana-homophone-risk,,,,
27,いぬ,dog,expert,easy,yes,yes,short-hiragana-homophone-risk,,,,
28,いのち,life,expert,easy,yes,yes,,,,,
29,いま,now,easy,easy,yes,yes,short-hiragana-homophone-risk,,,,
30,いろ,color,medium,medium,yes,yes,short-hiragana-homophone-risk,,,,
31,いわ,rock,medium,easy,yes,yes,sense-check short-hiragana-homophone-risk,,,,
32,うえ,top,expert,easy,yes,yes,sense-check short-hiragana-homophone-risk,,,,
33,うしろ,back,easy,easy,yes,yes,sense-check,,,,
34,うた,song,medium,easy,yes,yes,short-hiragana-homophone-risk,,,,
35,うで,arm,medium,easy,yes,yes,short-hiragana-homophone-risk,,,,
36,うま,horse,medium,easy,yes,yes,short-hiragana-homophone-risk,,,,
37,うみ,sea,hard,easy,yes,yes,short-hiragana-homophone-risk,,,,
38,うる,sell,medium,easy,yes,yes,short-hiragana-homophone-risk,,,,
39,え,picture,easy,medium,yes,yes,short-hiragana-homophone-risk,,,,
40,えいが,film,easy,easy,yes,yes,,,,,
41,おう,king,medium,easy,yes,yes,short-hiragana-homophone-risk,,,,
42,おおかみ,wolf,medium,easy,yes,yes,,,,,
43,おおきい,big,expert,easy,yes,yes,,,,,
44,おおきさ,size,hard,easy,yes,yes,,,,,
45,おか,hill,medium,easy,yes,yes,short-hiragana-homophone-risk,,,,
46,おかね,money,easy,medium,yes,yes,,,,,
47,おくりもの,gift,medium,easy,yes,yes,,,,,
48,おくる,send,expert,easy,yes,yes,,,,,
49,おす,push,expert,easy,yes,yes,short-hiragana-homophone-risk,,,,
50,おそい,slow,expert,easy,yes,yes,,,,,
51,おそれ,fear,medium,easy,yes,yes,,,,,
52,おちゃ,tea,medium,easy,yes,yes,,,,,
53,おと,sound,hard,medium,yes,yes,sense-check short-hiragana-homophone-risk,,,,
54,おとこ,man,easy,easy,yes,yes,,,,,
55,おとこのこ,boy,medium,easy,yes,no,,,,,
56,おどり,dance,expert,medium,yes,yes,,,,,
57,およぐ,swim,expert,easy,yes,yes,,,,,
58,おんがく,music,easy,medium,yes,yes,,,,,
59,おんな,woman,expert,medium,yes,yes,,,,,
60,おんなのこ,girl,easy,easy,yes,yes,,,,,
61,かう,buy,expert,easy,yes,yes,short-hiragana-homophone-risk,,,,
62,かぎ,key,expert,easy,yes,yes,sense-check short-hiragana-homophone-risk,,,,
63,かく,write,medium,medium,yes,yes,short-hiragana-homophone-risk,,,,
64,かず,number,easy,medium,yes,yes,short-hiragana-homophone-risk,,,,
65,かぜ,wind,expert,easy,yes,yes,sense-check short-hiragana-homophone-risk,,,,
66,かぞく,family,easy,medium,yes,yes,,,,,
67,かたい,hard,expert,easy,yes,yes,sense-check,,,,
68,かたち,shape,hard,medium,yes,yes,,,,,
69,かべ,wall,easy,easy,yes,yes,short-hiragana-homophone-risk,,,,
70,かみ,hair,hard,easy,yes,yes,short-hiragana-homophone-risk,,,,
71,からだ,body,easy,easy,yes,yes,,,,,
72,かわ,river,expert,medium,yes,yes,short-hiragana-homophone-risk,,,,
73,かわく,dry,expert,easy,yes,yes,,,,,
74,かんがえる,think,expert,medium,yes,yes,,,,,
75,がくせい,student,easy,hard,yes,yes,,,,,
76,がっこう,school,easy,medium,yes,yes,,,,,
77,き,tree,easy,easy,yes,yes,short-hiragana-homophone-risk,,,,
78,きいろ,yellow,expert,medium,yes,yes,,,,,
79,きかい,machine,easy,medium,yes,yes,,,,,
80,きた,north,easy,medium,yes,yes,short-hiragana-homophone-risk,,,,
81,きつね,fox,expert,easy,yes,yes,,,,,
82,きぼう,hope,easy,easy,yes,yes,,,,,
83,きゅう,nine,hard,easy,yes,yes,,,,,
84,きょう,today,medium,medium,yes,yes,,,,,
85,きょうかい,church,medium,medium,yes,yes,,,,,
86,きん,gold,medium,easy,yes,yes,short-hiragana-homophone-risk,,,,
87,きんぞく,metal,medium,medium,yes,yes,,,,,
88,ぎゅうにゅう,milk,expert,easy,yes,yes,,,,,
89,ぎん,silver,hard,medium,yes,yes,short-hiragana-homophone-risk,,,,
90,くさ,grass,hard,easy,yes,yes,short-hiragana-homophone-risk,,,,
91,くさり,chain,expert,medium,yes,yes,,,,,
92,くすり,medicine,expert,hard,yes,yes,,,,,
93,くち,mouth,hard,easy,yes,yes,short-hiragana-homophone-risk,,,,
94,くつした,sock,expert,easy,yes,yes,,,,,
95,くに,country,hard,hard,yes,yes,short-hiragana-homophone-risk,,,,
96,くま,bear,medium,easy,yes,yes,sense-check short-hiragana-homophone-risk,,,,
97,くみ,class,expert,medium,yes,yes,short-hiragana-homophone-risk,,,,
98,くも,cloud,expert,easy,yes,yes,short-hiragana-homophone-risk,,,,
99,くらい,dark,easy,easy,yes,yes,,,,,
100,くるま,car,expert,easy,yes,yes,,,,,
101,くろ,black,hard,medium,yes,yes,short-hiragana-homophone-risk,,,,
102,けっして,never,expert,medium,yes,yes,,,,,
103,けむり,smoke,expert,easy,yes,yes,,,,,
104,けんこう,health,expert,medium,yes,yes,,,,,
105,げいじゅつ,art,medium,easy,yes,yes,,,,,
106,こうか,coin,easy,easy,yes,yes,,,,,
107,こえ,voice,hard,medium,yes,yes,short-hiragana-homophone-risk,,,,
108,こおり,ice,expert,easy,yes,yes,,,,,
109,ここ,here,easy,easy,yes,yes,short-hiragana-homophone-risk,,,,
110,こころ,heart,medium,medium,yes,yes,,,,,
111,こっか,nation,easy,medium,yes,yes,,,,,
112,ことば,word,hard,easy,yes,yes,,,,,
113,こども,child,medium,medium,yes,yes,,,,,
114,こめ,rice,hard,easy,yes,yes,short-hiragana-homophone-risk,,,,
115,こわす,break,expert,medium,yes,yes,sense-check,,,,
116,ご,five,easy,easy,yes,yes,short-hiragana-homophone-risk,,,,
117,さかな,fish,expert,easy,yes,yes,,,,,
118,さとう,sugar,expert,medium,yes,yes,,,,,
119,さむい,cold,expert,easy,yes,yes,sense-check,,,,
120,さら,plate,medium,medium,yes,yes,short-hiragana-homophone-risk,,,,
121,さん,three,easy,medium,yes,yes,short-hiragana-homophone-risk,,,,
122,し,death,easy,medium,yes,yes,short-hiragana-homophone-risk,,,,
123,しお,salt,expert,easy,yes,yes,short-hiragana-homophone-risk,,,,
124,しかく,square,expert,medium,yes,yes,sense-check,,,,
125,しごと,work,easy,easy,yes,yes,,,,,
126,しぜん,nature,easy,medium,yes,yes,,,,,
127,しま,island,medium,medium,yes,yes,short-hiragana-homophone-risk,,,,
128,しめる,close,expert,medium,yes,yes,,,,,
129,しゅう,week,expert,easy,yes,yes,,,,,
130,しょくぶつ,plant,medium,medium,yes,yes,sense-check,,,,
131,しる,know,expert,easy,yes,yes,short-hiragana-homophone-risk,,,,
132,しろ,white,easy,medium,yes,yes,short-hiragana-homophone-risk,,,,
133,じかん,time,easy,easy,yes,yes,sense-check,,,,
134,じゅう,ten,hard,easy,yes,yes,,,,,
135,じょおう,queen,medium,medium,yes,yes,,,,,
136,すき,like,medium,easy,yes,yes,short-hiragana-homophone-risk,,,,
137,すずしい,cool,expert,easy,yes,yes,,,,,
138,すな,sand,medium,easy,yes,yes,short-hiragana-homophone-risk,,,,
139,せかい,world,easy,medium,yes,yes,,,,,
140,せん,thousand,easy,hard,yes,yes,short-hiragana-homophone-risk,,,,
141,せんせい,teacher,expert,hard,yes,yes,,,,,
142,せんそう,war,easy,easy,yes,yes,,,,,
143,そうおん,noise,hard,medium,yes,yes,,,,,
144,そこ,there,easy,medium,yes,yes,short-hiragana-homophone-risk,,,,
145,そら,sky,medium,easy,yes,yes,short-hiragana-homophone-risk,,,,
146,たいよう,sun,expert,easy,yes,yes,,,,,
147,たすける,help,expert,easy,yes,yes,,,,,
148,たてる,build,expert,medium,yes,yes,,,,,
149,たね,seed,expert,easy,yes,yes,short-hiragana-homophone-risk,,,,
150,たべもの,food,medium,easy,yes,yes,,,,,
151,たべる,eat,expert,easy,yes,yes,,,,,
152,たまご,egg,medium,easy,yes,yes,,,,,
153,たましい,soul,easy,easy,yes,yes,,,,,
154,だいどころ,kitchen,hard,medium,yes,yes,,,,,
155,ち,blood,easy,medium,no,yes,short-hiragana-homophone-risk meaning-kid-excluded,,,,
156,ちいさい,small,expert,medium,yes,yes,,,,,
157,ちから,power,easy,medium,yes,yes,,,,,
158,ちきゅう,earth,easy,medium,yes,yes,,,,,
159,ちち,father,easy,medium,yes,yes,short-hiragana-homophone-risk,,,,
160,つき,moon,medium,easy,yes,yes,short-hiragana-homophone-risk,,,,
161,つくえ,table,medium,medium,yes,yes,sense-check,,,,
162,つくる,make,medium,easy,yes,yes,,,,,
163,つよい,strong,expert,medium,yes,yes,,,,,
164,て,hand,easy,easy,yes,yes,sense-check short-hiragana-homophone-risk,,,,
165,てがみ,letter,medium,medium,yes,yes,sense-check,,,,
166,てつ,iron,expert,easy,yes,yes,short-hiragana-homophone-risk,,,,
167,てん,point,easy,medium,yes,yes,sense-check short-hiragana-homophone-risk,,,,
168,でんしゃ,train,easy,medium,yes,yes,sense-check,,,,
169,ときどき,sometimes,hard,expert,yes,no,,,,,
170,とし,year,easy,easy,yes,yes,short-hiragana-homophone-risk,,,,
171,とびら,door,medium,easy,yes,yes,,,,,
172,とまる,stop,expert,easy,yes,yes,,,,,
173,ともだち,friend,expert,medium,yes,yes,,,,,
174,とり,bird,medium,easy,yes,yes,short-hiragana-homophone-risk,,,,
175,とる,take,easy,easy,yes,yes,short-hiragana-homophone-risk,,,,
176,どうぐ,tool,medium,easy,yes,yes,,,,,
177,どうぶつ,animal,easy,medium,yes,yes,,,,,
178,どうろ,road,medium,easy,yes,yes,,,,,
179,なか,middle,easy,medium,yes,yes,short-hiragana-homophone-risk,,,,
180,ながい,long,expert,easy,yes,yes,sense-check,,,,
181,なくす,lose,hard,easy,yes,yes,,,,,
182,なつ,summer,hard,medium,yes,yes,short-hiragana-homophone-risk,,,,
183,なな,seven,medium,medium,yes,yes,short-hiragana-homophone-risk,,,,
184,なまえ,name,easy,easy,yes,yes,,,,,
185,なみ,wave,medium,easy,yes,yes,sense-check short-hiragana-homophone-risk,,,,
186,に,two,easy,easy,yes,yes,short-hiragana-homophone-risk,,,,
187,にく,meat,hard,easy,yes,yes,short-hiragana-homophone-risk,,,,
188,にし,west,easy,easy,yes,yes,short-hiragana-homophone-risk,,,,
189,ぬれる,wet,expert,easy,yes,yes,,,,,
190,ね,root,easy,easy,yes,yes,short-hiragana-homophone-risk,,,,
191,ねこ,cat,medium,easy,yes,yes,short-hiragana-homophone-risk,,,,
192,ねずみ,mouse,expert,easy,yes,yes,,,,,
193,ねだん,price,expert,medium,yes,yes,,,,,
194,のうじょう,farm,hard,easy,yes,yes,,,,,
195,は,leaf,easy,easy,yes,yes,short-hiragana-homophone-risk,,,,
196,はいいろ,gray,hard,easy,yes,yes,,,,,
197,はこ,box,expert,easy,yes,yes,sense-check short-hiragana-homophone-risk,,,,
198,はこぶ,carry,expert,medium,yes,yes,,,,,
199,はし,bridge,expert,medium,yes,yes,short-hiragana-homophone-risk,,,,
200,はしる,run,expert,easy,yes,yes,sense-check,,,,
201,はじめる,start,hard,medium,yes,yes,,,,,
202,はたけ,field,expert,medium,yes,yes,,,,,
203,はだ,skin,medium,easy,yes,yes,short-hiragana-homophone-risk,,,,
204,はち,eight,easy,medium,yes,yes,short-hiragana-homophone-risk,,,,
205,はな,flower,hard,easy,yes,yes,short-hiragana-homophone-risk,,,,
206,はなす,speak,expert,medium,yes,yes,,,,,
207,はは,mother,easy,medium,yes,yes,short-hiragana-homophone-risk,,,,
208,はやい,fast,expert,easy,yes,yes,,,,,
209,はらう,pay,expert,easy,yes,yes,,,,,
210,はる,spring,medium,medium,yes,yes,sense-check short-hiragana-homophone-risk,,,,
211,ひ,day,easy,easy,yes,yes,short-hiragana-homophone-risk,,,,
212,ひかり,light,hard,medium,yes,yes,sense-check,,,,
213,ひがし,east,expert,easy,yes,yes,,,,,
214,ひく,pull,expert,easy,yes,yes,short-hiragana-homophone-risk,,,,
215,ひこうき,plane,medium,medium,yes,yes,,,,,
216,ひだり,left,expert,easy,yes,yes,sense-check,,,,
217,ひつよう,need,easy,easy,yes,yes,,,,,
218,ひとびと,people,easy,medium,yes,yes,,,,,
219,ひゃく,hundred,expert,hard,yes,yes,,,,,
220,びょういん,hospital,easy,medium,yes,yes,,,,,
221,ふね,boat,easy,easy,yes,yes,short-hiragana-homophone-risk,,,,
222,ふゆ,winter,expert,medium,yes,yes,short-hiragana-homophone-risk,,,,
223,ふるい,old,expert,easy,yes,yes,,,,,
224,ぶた,pig,expert,easy,yes,yes,short-hiragana-homophone-risk,,,,
225,へいわ,peace,easy,medium,yes,yes,,,,,
226,へや,room,expert,easy,yes,yes,short-hiragana-homophone-risk,,,,
227,ほうりつ,law,easy,easy,yes,yes,,,,,
228,ほし,star,hard,easy,yes,yes,sense-check short-hiragana-homophone-risk,,,,
229,ほしい,want,easy,easy,yes,yes,,,,,
230,ほね,bone,medium,easy,yes,yes,short-hiragana-homophone-risk,,,,
231,ほん,book,medium,easy,yes,yes,sense-check short-hiragana-homophone-risk,,,,
232,ぼうし,hat,expert,easy,yes,yes,,,,,
233,まえ,front,expert,medium,yes,yes,short-hiragana-homophone-risk,,,,
234,まち,city,medium,easy,yes,yes,short-hiragana-homophone-risk,,,,
235,まど,window,medium,easy,yes,yes,short-hiragana-homophone-risk,,,,
236,まる,circle,medium,medium,yes,yes,short-hiragana-homophone-risk,,,,
237,みぎ,right,expert,medium,yes,yes,sense-check short-hiragana-homophone-risk,,,,
238,みじかい,short,expert,medium,yes,yes,,,,,
239,みず,water,easy,medium,yes,yes,short-hiragana-homophone-risk,,,,
240,みずうみ,lake,medium,easy,yes,yes,,,,,
241,みせ,shop,hard,easy,yes,yes,short-hiragana-homophone-risk,,,,
242,みち,street,medium,medium,yes,yes,short-hiragana-homophone-risk,,,,
243,みつける,find,expert,easy,yes,yes,,,,,
244,みどり,green,hard,medium,yes,yes,,,,,
245,みなみ,south,hard,medium,yes,yes,,,,,
246,みみ,ear,easy,easy,yes,yes,short-hiragana-homophone-risk,,,,
247,みる,look,easy,easy,yes,yes,short-hiragana-homophone-risk,,,,
248,むすこ,son,expert,easy,yes,yes,,,,,
249,むら,village,medium,hard,yes,yes,short-hiragana-homophone-risk,,,,
250,め,eye,easy,easy,yes,yes,short-hiragana-homophone-risk,,,,
251,もつ,hold,medium,easy,yes,yes,short-hiragana-homophone-risk,,,,
252,ものがたり,story,expert,medium,yes,yes,sense-check,,,,
253,やさしい,easy,medium,easy,yes,yes,,,,,
254,やね,roof,medium,easy,yes,yes,short-hiragana-homophone-risk,,,,
255,やま,mountain,hard,medium,yes,yes,short-hiragana-homophone-risk,,,,
256,やわらかい,soft,expert,easy,yes,yes,,,,,
257,ゆか,floor,expert,medium,yes,yes,short-hiragana-homophone-risk,,,,
258,ゆき,snow,medium,easy,yes,yes,short-hiragana-homophone-risk,,,,
259,ゆびわ,ring,medium,easy,yes,yes,sense-check,,,,
260,よい,good,easy,easy,yes,yes,short-hiragana-homophone-risk,,,,
261,よく,often,easy,medium,yes,no,short-hiragana-homophone-risk,,,,
262,よむ,read,expert,easy,yes,yes,short-hiragana-homophone-risk,,,,
263,よる,night,easy,medium,yes,yes,short-hiragana-homophone-risk,,,,
264,よわい,weak,expert,easy,yes,yes,,,,,
265,よん,four,hard,easy,yes,yes,short-hiragana-homophone-risk,,,,
266,りょこう,travel,easy,medium,yes,yes,,,,,
267,ろく,six,medium,easy,yes,yes,short-hiragana-homophone-risk,,,,
268,わるい,bad,hard,easy,yes,yes,,,,,
269,わん,bowl,hard,easy,yes,yes,short-hiragana-homophone-risk,,,,
