lang,rows
fr,telecom télécom
pt,estreia estréia
pt,assembléia assembleia
ar,أخذ اخذ
ar,أذن إذن اذن
ar,أربعة اربعة
ar,أسبوع اسبوع
ar,أمل امل
ar,لا لأ
ar,الأول الاول
ar,أثناء اثناء
ar,أصبحت اصبحت
ar,الأكثر الاكثر
ar,أبريل إبريل
ar,أنواع انواع
ar,الأقل الاقل
ar,الأمن الامن
ar,أهداف اهداف
ar,الأعلى الاعلى
ar,الأبيض الابيض
ar,أبناء ابناء
ar,أسماء اسماء
ar,أطفال اطفال
ar,أسباب اسباب
ar,الأيام الايام
ar,أراد اراد
ar,أحدا احدا
ar,أقوى اقوى
ar,الأهلي الاهلي
ar,الاتحاد الإتحاد
ar,الآخرين الأخرين
ar,الأفلام الافلام
ar,الإطلاق الاطلاق
ar,الأماكن الاماكن
ar,الأشياء الاشياء
ar,الأستاذ الاستاذ
ar,إنني انني
ar,الاسلامية الإسلامية
ar,الالكتروني الإلكتروني
ar,الالكترونية الإلكترونية
ar,إف أف اف
ar,أختي اختي
ar,الإسرائيلية الاسرائيلية
ar,الإيرانية الايرانية
ar,الإعلانات الاعلانات
ar,إلكترونية الكترونية
ar,الإنفلونزا الأنفلونزا
ar,الأنسولين الإنسولين
ar,أتكلم اتكلم
ar,الملا الملأ
