lang,old,new,tier
de,arbeit,Arbeit,easy
de,baby,Baby,easy
de,bein,Bein,easy
de,bett,Bett,easy
de,bild,Bild,easy
de,blut,Blut,easy
de,boden,Boden,easy
de,brief,Brief,easy
de,brücke,Brücke,easy
de,bus,Bus,easy
de,dach,Dach,easy
de,eis,Eis,easy
de,eisen,Eisen,easy
de,farbe,Farbe,easy
de,feld,Feld,easy
de,felsen,Felsen,easy
de,film,Film,easy
de,fleisch,Fleisch,easy
de,form,Form,easy
de,frieden,Frieden,easy
de,fuchs,Fuchs,easy
de,gedicht,Gedicht,easy
de,geist,Geist,easy
de,geld,Geld,easy
de,gesetz,Gesetz,easy
de,glas,Glas,easy
de,gold,Gold,easy
de,gott,Gott,easy
de,größe,Größe,easy
de,haar,Haar,easy
de,hügel,Hügel,easy
de,insel,Insel,easy
de,jahr,Jahr,easy
de,kamera,Kamera,easy
de,kirche,Kirche,easy
de,kiste,Kiste,easy
de,knochen,Knochen,easy
de,kopf,Kopf,easy
de,kreis,Kreis,easy
de,kunst,Kunst,easy
de,königin,Königin,easy
de,körper,Körper,easy
de,lampe,Lampe,easy
de,land,Land,easy
de,lehrer,Lehrer,easy
de,leute,Leute,easy
de,lied,Lied,easy
de,linie,Linie,easy
de,lärm,Lärm,easy
de,mann,Mann,easy
de,mantel,Mantel,easy
de,medizin,Medizin,easy
de,metall,Metall,easy
de,mitte,Mitte,easy
de,monat,Monat,easy
de,mutter,Mutter,easy
de,nahrung,Nahrung,easy
de,name,Name,easy
de,nation,Nation,easy
de,natur,Natur,easy
de,ort,Ort,easy
de,osten,Osten,easy
de,papier,Papier,easy
de,plastik,Plastik,easy
de,punkt,Punkt,easy
de,quadrat,Quadrat,easy
de,reis,Reis,easy
de,ring,Ring,easy
de,salz,Salz,easy
de,samen,Samen,easy
de,sand,Sand,easy
de,schiff,Schiff,easy
de,schmerz,Schmerz,easy
de,schwein,Schwein,easy
de,see,See,easy
de,seele,Seele,easy
de,seite,Seite,easy
de,silber,Silber,easy
de,socke,Socke,easy
de,sohn,Sohn,easy
de,sommer,Sommer,easy
de,stadt,Stadt,easy
de,stein,Stein,easy
de,student,Student,easy
de,süden,Süden,easy
de,tasse,Tasse,easy
de,tee,Tee,easy
de,teller,Teller,easy
de,tier,Tier,easy
de,tod,Tod,easy
de,vater,Vater,easy
de,welt,Welt,easy
de,westen,Westen,easy
de,winter,Winter,easy
de,woche,Woche,easy
de,wort,Wort,easy
de,wurzel,Wurzel,easy
de,zucker,Zucker,easy
de,zug,Zug,easy
de,abel,Abel,expert
de,abgeordnetenhaus,Abgeordnetenhaus,expert
de,abhilfe,Abhilfe,expert
de,abkommens,Abkommens,expert
de,abkühlung,Abkühlung,expert
de,ableger,Ableger,expert
de,abläufe,Abläufe,expert
de,abneigung,Abneigung,expert
de,absender,Absender,expert
de,abteilungsleiter,Abteilungsleiter,expert
de,abtreibung,Abtreibung,expert
de,abweichung,Abweichung,expert
de,abwicklung,Abwicklung,expert
de,abzeichen,Abzeichen,expert
de,advent,Advent,expert
de,aggression,Aggression,expert
de,akademiker,Akademiker,expert
de,akkus,Akkus,expert
de,aktionäre,Aktionäre,expert
de,aktualisierung,Aktualisierung,expert
de,alaska,Alaska,expert
de,albanien,Albanien,expert
de,aleppo,Aleppo,expert
de,algorithmen,Algorithmen,expert
de,alm,Alm,expert
de,alphabet,Alphabet,expert
de,altona,Altona,expert
de,alzheimer,Alzheimer,expert
de,ambiente,Ambiente,expert
de,ameisen,Ameisen,expert
de,amerikanern,Amerikanern,expert
de,ami,Ami,expert
de,amis,Amis,expert
de,amts,Amts,expert
de,anekdoten,Anekdoten,expert
de,anfall,Anfall,expert
de,ankauf,Ankauf,expert
de,anmeldungen,Anmeldungen,expert
de,anreiz,Anreiz,expert
de,anrufer,Anrufer,expert
de,anschlägen,Anschlägen,expert
de,anschuldigungen,Anschuldigungen,expert
de,antenne,Antenne,expert
de,apokalypse,Apokalypse,expert
de,arbeitern,Arbeitern,expert
de,arbeitsrecht,Arbeitsrecht,expert
de,arbeitsweise,Arbeitsweise,expert
de,arbeitszeiten,Arbeitszeiten,expert
de,arche,Arche,expert
de,archäologie,Archäologie,expert
de,aristoteles,Aristoteles,expert
de,arizona,Arizona,expert
de,armeen,Armeen,expert
de,arndt,Arndt,expert
de,arroganz,Arroganz,expert
de,asiaten,Asiaten,expert
de,asphalt,Asphalt,expert
de,atlanta,Atlanta,expert
de,atlantik,Atlantik,expert
de,attraktivität,Attraktivität,expert
de,auferstehung,Auferstehung,expert
de,aufgebot,Aufgebot,expert
de,auflistung,Auflistung,expert
de,aufruhr,Aufruhr,expert
de,aufwendungen,Aufwendungen,expert
de,augenbrauen,Augenbrauen,expert
de,augenmerk,Augenmerk,expert
de,augustin,Augustin,expert
de,aura,Aura,expert
de,ausbilder,Ausbilder,expert
de,ausflüge,Ausflüge,expert
de,ausgestaltung,Ausgestaltung,expert
de,ausgrenzung,Ausgrenzung,expert
de,auslastung,Auslastung,expert
de,ausländern,Ausländern,expert
de,ausprägung,Ausprägung,expert
de,ausschau,Ausschau,expert
de,ausschlag,Ausschlag,expert
de,aussteller,Aussteller,expert
de,auswärtssieg,Auswärtssieg,expert
de,auszahlung,Auszahlung,expert
de,autofahren,Autofahren,expert
de,autounfall,Autounfall,expert
de,aviv,Aviv,expert
de,backup,Backup,expert
de,bagdad,Bagdad,expert
de,bahnhöfen,Bahnhöfen,expert
de,baseball,Baseball,expert
de,bauhaus,Bauhaus,expert
de,baujahr,Baujahr,expert
de,baumeister,Baumeister,expert
de,bauteile,Bauteile,expert
de,bauweise,Bauweise,expert
de,bauzeit,Bauzeit,expert
de,bde,Bde,expert
de,beantwortung,Beantwortung,expert
de,beatles,Beatles,expert
de,beeren,Beeren,expert
de,befestigung,Befestigung,expert
de,begriffs,Begriffs,expert
de,beihilfe,Beihilfe,expert
de,beilage,Beilage,expert
de,beirat,Beirat,expert
de,bekleidung,Bekleidung,expert
de,belagerung,Belagerung,expert
de,belegschaft,Belegschaft,expert
de,belästigung,Belästigung,expert
de,benennung,Benennung,expert
de,berechtigung,Berechtigung,expert
de,bereitstellung,Bereitstellung,expert
de,berlinale,Berlinale,expert
de,bertelsmann,Bertelsmann,expert
de,berufs,Berufs,expert
de,berufserfahrung,Berufserfahrung,expert
de,berufsleben,Berufsleben,expert
de,beschleunigung,Beschleunigung,expert
de,beschränkung,Beschränkung,expert
de,beschränkungen,Beschränkungen,expert
de,bestehens,Bestehens,expert
de,bestrebungen,Bestrebungen,expert
de,betty,Betty,expert
de,bewältigung,Bewältigung,expert
de,bezirken,Bezirken,expert
de,bikini,Bikini,expert
de,bildhauer,Bildhauer,expert
de,birne,Birne,expert
de,bischofs,Bischofs,expert
de,bistum,Bistum,expert
de,blech,Blech,expert
de,blickwinkel,Blickwinkel,expert
de,blondine,Blondine,expert
de,bluetooth,Bluetooth,expert
de,blöcke,Blöcke,expert
de,bologna,Bologna,expert
de,bomber,Bomber,expert
de,bordeaux,Bordeaux,expert
de,brandstiftung,Brandstiftung,expert
de,brasilianer,Brasilianer,expert
de,braunkohle,Braunkohle,expert
de,brei,Brei,expert
de,brigade,Brigade,expert
de,broker,Broker,expert
de,bruchteil,Bruchteil,expert
de,brühl,Brühl,expert
de,bub,Bub,expert
de,buben,Buben,expert
de,buchhaltung,Buchhaltung,expert
de,buchholz,Buchholz,expert
de,buddha,Buddha,expert
de,buenos,Buenos,expert
de,buffet,Buffet,expert
de,bulle,Bulle,expert
de,bundesbank,Bundesbank,expert
de,bundesebene,Bundesebene,expert
de,burgen,Burgen,expert
de,busen,Busen,expert
de,bushaltestelle,Bushaltestelle,expert
de,bussen,Bussen,expert
de,bäder,Bäder,expert
de,canon,Canon,expert
de,chemiker,Chemiker,expert
de,christentums,Christentums,expert
de,circus,Circus,expert
de,coca,Coca,expert
de,commerzbank,Commerzbank,expert
de,computern,Computern,expert
de,curry,Curry,expert
de,damaskus,Damaskus,expert
de,danzig,Danzig,expert
de,datierung,Datierung,expert
de,definitionen,Definitionen,expert
de,defizite,Defizite,expert
de,dekoration,Dekoration,expert
de,denker,Denker,expert
de,denkmalschutz,Denkmalschutz,expert
de,deppen,Deppen,expert
de,detmold,Detmold,expert
de,deutung,Deutung,expert
de,diamant,Diamant,expert
de,differenzierung,Differenzierung,expert
de,dildo,Dildo,expert
de,diplomaten,Diplomaten,expert
de,diplomatie,Diplomatie,expert
de,direktorin,Direktorin,expert
de,disposition,Disposition,expert
de,dividende,Dividende,expert
de,donner,Donner,expert
de,dozent,Dozent,expert
de,drache,Drache,expert
de,drink,Drink,expert
de,druckerei,Druckerei,expert
de,duden,Duden,expert
de,durchfall,Durchfall,expert
de,dynastie,Dynastie,expert
de,dämmerung,Dämmerung,expert
de,dänen,Dänen,expert
de,düren,Düren,expert
de,eden,Eden,expert
de,eder,Eder,expert
de,editor,Editor,expert
de,edmund,Edmund,expert
de,ehrungen,Ehrungen,expert
de,eignung,Eignung,expert
de,einbindung,Einbindung,expert
de,einfamilienhaus,Einfamilienhaus,expert
de,eingabe,Eingabe,expert
de,einlagen,Einlagen,expert
de,einsatzes,Einsatzes,expert
de,einwand,Einwand,expert
de,eisbären,Eisbären,expert
de,eisenach,Eisenach,expert
de,eliten,Eliten,expert
de,elster,Elster,expert
de,emden,Emden,expert
de,empathie,Empathie,expert
de,endstand,Endstand,expert
de,engagements,Engagements,expert
de,englands,Englands,expert
de,enkelin,Enkelin,expert
de,ensembles,Ensembles,expert
de,enten,Enten,expert
de,entsorgung,Entsorgung,expert
de,entzug,Entzug,expert
de,entzündung,Entzündung,expert
de,epidemie,Epidemie,expert
de,erasmus,Erasmus,expert
de,erdbeeren,Erdbeeren,expert
de,erdöl,Erdöl,expert
de,erhebungen,Erhebungen,expert
de,erlösung,Erlösung,expert
de,erpressung,Erpressung,expert
de,erreger,Erreger,expert
de,errungenschaften,Errungenschaften,expert
de,erweiterungen,Erweiterungen,expert
de,erwägung,Erwägung,expert
de,erwärmung,Erwärmung,expert
de,erzgebirge,Erzgebirge,expert
de,esc,Esc,expert
de,essener,Essener,expert
de,essig,Essig,expert
de,estland,Estland,expert
de,etagen,Etagen,expert
de,europameister,Europameister,expert
de,evangelium,Evangelium,expert
de,excel,Excel,expert
de,expertin,Expertin,expert
de,expertise,Expertise,expert
de,facetten,Facetten,expert
de,facharzt,Facharzt,expert
de,fachgebiet,Fachgebiet,expert
de,fahndung,Fahndung,expert
de,fahrplan,Fahrplan,expert
de,fahrzeugs,Fahrzeugs,expert
de,fee,Fee,expert
de,fernando,Fernando,expert
de,fernbedienung,Fernbedienung,expert
de,festland,Festland,expert
de,fiktion,Fiktion,expert
de,filmemacher,Filmemacher,expert
de,finanzkrise,Finanzkrise,expert
de,fitnessstudio,Fitnessstudio,expert
de,flohmarkt,Flohmarkt,expert
de,flugplatz,Flugplatz,expert
de,flüchtlingskrise,Flüchtlingskrise,expert
de,flüssigkeiten,Flüssigkeiten,expert
de,fragebogen,Fragebogen,expert
de,fragestellung,Fragestellung,expert
de,fragestellungen,Fragestellungen,expert
de,fragezeichen,Fragezeichen,expert
de,franco,Franco,expert
de,franke,Franke,expert
de,fraunhofer,Fraunhofer,expert
de,fremdsprache,Fremdsprache,expert
de,frequenzen,Frequenzen,expert
de,freundlichkeit,Freundlichkeit,expert
de,friedrichs,Friedrichs,expert
de,friedrichshafen,Friedrichshafen,expert
de,früchten,Früchten,expert
de,funktionäre,Funktionäre,expert
de,fälschung,Fälschung,expert
de,färbung,Färbung,expert
de,förderverein,Förderverein,expert
de,führungen,Führungen,expert
de,füllung,Füllung,expert
de,gag,Gag,expert
de,gassen,Gassen,expert
de,gasthof,Gasthof,expert
de,gauck,Gauck,expert
de,gebete,Gebete,expert
de,gedenkstätte,Gedenkstätte,expert
de,gedichten,Gedichten,expert
de,gegenseite,Gegenseite,expert
de,gehirns,Gehirns,expert
de,geier,Geier,expert
de,geiseln,Geiseln,expert
de,gel,Gel,expert
de,gelassenheit,Gelassenheit,expert
de,geldern,Geldern,expert
de,gelächter,Gelächter,expert
de,gemahlin,Gemahlin,expert
de,genesung,Genesung,expert
de,georges,Georges,expert
de,georgien,Georgien,expert
de,gerede,Gerede,expert
de,germanistik,Germanistik,expert
de,geschehnisse,Geschehnisse,expert
de,geschrei,Geschrei,expert
de,geschwistern,Geschwistern,expert
de,geschäftsjahr,Geschäftsjahr,expert
de,gesichtsausdruck,Gesichtsausdruck,expert
de,gesprächspartner,Gesprächspartner,expert
de,gestapo,Gestapo,expert
de,gesten,Gesten,expert
de,getränken,Getränken,expert
de,gewohnheiten,Gewohnheiten,expert
de,gewässern,Gewässern,expert
de,ghana,Ghana,expert
de,ghetto,Ghetto,expert
de,gina,Gina,expert
de,gitarren,Gitarren,expert
de,gletscher,Gletscher,expert
de,glied,Glied,expert
de,globus,Globus,expert
de,glücksspiel,Glücksspiel,expert
de,glückwünsche,Glückwünsche,expert
de,grades,Grades,expert
de,grafschaft,Grafschaft,expert
de,granit,Granit,expert
de,gremium,Gremium,expert
de,griechenlands,Griechenlands,expert
de,grundeinkommen,Grundeinkommen,expert
de,grundgesetzes,Grundgesetzes,expert
de,grundwasser,Grundwasser,expert
de,gunst,Gunst,expert
de,gysi,Gysi,expert
de,gänsehaut,Gänsehaut,expert
de,göring,Göring,expert
de,görlitz,Görlitz,expert
de,göttern,Göttern,expert
de,gütern,Gütern,expert
de,haftstrafe,Haftstrafe,expert
de,haider,Haider,expert
de,halter,Halter,expert
de,haltestellen,Haltestellen,expert
de,hamas,Hamas,expert
de,handelns,Handelns,expert
de,handgelenk,Handgelenk,expert
de,handhabung,Handhabung,expert
de,hauptdarsteller,Hauptdarsteller,expert
de,hauptsitz,Hauptsitz,expert
de,hausarzt,Hausarzt,expert
de,haustier,Haustier,expert
de,hautfarbe,Hautfarbe,expert
de,havel,Havel,expert
de,heidelberger,Heidelberger,expert
de,heilmittel,Heilmittel,expert
de,heimsieg,Heimsieg,expert
de,heiner,Heiner,expert
de,helikopter,Helikopter,expert
de,helligkeit,Helligkeit,expert
de,hemden,Hemden,expert
de,herford,Herford,expert
de,herstellern,Herstellern,expert
de,herzogs,Herzogs,expert
de,hildegard,Hildegard,expert
de,hingabe,Hingabe,expert
de,hoden,Hoden,expert
de,hoheit,Hoheit,expert
de,hub,Hub,expert
de,hypothese,Hypothese,expert
de,händlern,Händlern,expert
de,höschen,Höschen,expert
de,identifizierung,Identifizierung,expert
de,ignoranz,Ignoranz,expert
de,illustrationen,Illustrationen,expert
de,images,Images,expert
de,immunsystem,Immunsystem,expert
de,impfungen,Impfungen,expert
de,inbetriebnahme,Inbetriebnahme,expert
de,indikator,Indikator,expert
de,indiz,Indiz,expert
de,informatiker,Informatiker,expert
de,inkrafttreten,Inkrafttreten,expert
de,inschriften,Inschriften,expert
de,inspektion,Inspektion,expert
de,intention,Intention,expert
de,internat,Internat,expert
de,inventar,Inventar,expert
de,ionen,Ionen,expert
de,japans,Japans,expert
de,jemen,Jemen,expert
de,jordanien,Jordanien,expert
de,jubiläums,Jubiläums,expert
de,jugoslawien,Jugoslawien,expert
de,jupiter,Jupiter,expert
de,kabarett,Kabarett,expert
de,kahn,Kahn,expert
de,kaliber,Kaliber,expert
de,kammern,Kammern,expert
de,kampfes,Kampfes,expert
de,kanadier,Kanadier,expert
de,kandidatin,Kandidatin,expert
de,kantons,Kantons,expert
de,karate,Karate,expert
de,karikatur,Karikatur,expert
de,karls,Karls,expert
de,karsten,Karsten,expert
de,kathedrale,Kathedrale,expert
de,kathrin,Kathrin,expert
de,katz,Katz,expert
de,kaufpreis,Kaufpreis,expert
de,kaution,Kaution,expert
de,keil,Keil,expert
de,kempten,Kempten,expert
de,kenner,Kenner,expert
de,kickers,Kickers,expert
de,kindergeld,Kindergeld,expert
de,kinn,Kinn,expert
de,klassenzimmer,Klassenzimmer,expert
de,klausel,Klausel,expert
de,kleinkind,Kleinkind,expert
de,klischee,Klischee,expert
de,klischees,Klischees,expert
de,komfort,Komfort,expert
de,komiker,Komiker,expert
de,komma,Komma,expert
de,kompromisse,Kompromisse,expert
de,konferenzen,Konferenzen,expert
de,kongo,Kongo,expert
de,konsolen,Konsolen,expert
de,kontinuität,Kontinuität,expert
de,kooperationen,Kooperationen,expert
de,korrekturen,Korrekturen,expert
de,kosmetik,Kosmetik,expert
de,kraftwerke,Kraftwerke,expert
de,krankenhauses,Krankenhauses,expert
de,kratzer,Kratzer,expert
de,kraut,Kraut,expert
de,krawatte,Krawatte,expert
de,kreditkarten,Kreditkarten,expert
de,kreisstadt,Kreisstadt,expert
de,kreuzer,Kreuzer,expert
de,kriegsende,Kriegsende,expert
de,kristall,Kristall,expert
de,kritikern,Kritikern,expert
de,kundenservice,Kundenservice,expert
de,kundschaft,Kundschaft,expert
de,kunstgeschichte,Kunstgeschichte,expert
de,kurfürsten,Kurfürsten,expert
de,kursen,Kursen,expert
de,käfig,Käfig,expert
de,kärntner,Kärntner,expert
de,kätzchen,Kätzchen,expert
de,körner,Körner,expert
de,küken,Küken,expert
de,küsten,Küsten,expert
de,labyrinth,Labyrinth,expert
de,lamm,Lamm,expert
de,landau,Landau,expert
de,landesamt,Landesamt,expert
de,landesverband,Landesverband,expert
de,landhaus,Landhaus,expert
de,landkreise,Landkreise,expert
de,landtags,Landtags,expert
de,larven,Larven,expert
de,laterne,Laterne,expert
de,latex,Latex,expert
de,lauterbach,Lauterbach,expert
de,lebenserwartung,Lebenserwartung,expert
de,lebensfreude,Lebensfreude,expert
de,lebensgefahr,Lebensgefahr,expert
de,lebenswerk,Lebenswerk,expert
de,lebzeiten,Lebzeiten,expert
de,legion,Legion,expert
de,legitimation,Legitimation,expert
de,lehramt,Lehramt,expert
de,lehrerinnen,Lehrerinnen,expert
de,lehrgang,Lehrgang,expert
de,lehrkräfte,Lehrkräfte,expert
de,lehrstuhl,Lehrstuhl,expert
de,leichnam,Leichnam,expert
de,lenin,Lenin,expert
de,lenkrad,Lenkrad,expert
de,lettland,Lettland,expert
de,letzt,Letzt,expert
de,leuchtturm,Leuchtturm,expert
de,liberalismus,Liberalismus,expert
de,ligen,Ligen,expert
de,lindau,Lindau,expert
de,linsen,Linsen,expert
de,lizenzen,Lizenzen,expert
de,logos,Logos,expert
de,lot,Lot,expert
de,luftfeuchtigkeit,Luftfeuchtigkeit,expert
de,lungen,Lungen,expert
de,länderspiel,Länderspiel,expert
de,längen,Längen,expert
de,magdeburger,Magdeburger,expert
de,magier,Magier,expert
de,magistrat,Magistrat,expert
de,mahlzeiten,Mahlzeiten,expert
de,mali,Mali,expert
de,manier,Manier,expert
de,manuela,Manuela,expert
de,manöver,Manöver,expert
de,marihuana,Marihuana,expert
de,marius,Marius,expert
de,markenzeichen,Markenzeichen,expert
de,marseille,Marseille,expert
de,mathematiker,Mathematiker,expert
de,mediathek,Mediathek,expert
de,meditation,Meditation,expert
de,meeres,Meeres,expert
de,meile,Meile,expert
de,meilenstein,Meilenstein,expert
de,meisters,Meisters,expert
de,mensa,Mensa,expert
de,metapher,Metapher,expert
de,methodik,Methodik,expert
de,metz,Metz,expert
de,mexikaner,Mexikaner,expert
de,mietvertrag,Mietvertrag,expert
de,milan,Milan,expert
de,minen,Minen,expert
de,missionen,Missionen,expert
de,missstände,Missstände,expert
de,mister,Mister,expert
de,mitspieler,Mitspieler,expert
de,mitteleuropa,Mitteleuropa,expert
de,mobilfunk,Mobilfunk,expert
de,modul,Modul,expert
de,mohr,Mohr,expert
de,moor,Moor,expert
de,moos,Moos,expert
de,moscheen,Moscheen,expert
de,mosel,Mosel,expert
de,motorräder,Motorräder,expert
de,mundart,Mundart,expert
de,mythologie,Mythologie,expert
de,mächte,Mächte,expert
de,märtyrer,Märtyrer,expert
de,mühlen,Mühlen,expert
de,mülleimer,Mülleimer,expert
de,mündung,Mündung,expert
de,müttern,Müttern,expert
de,nachkriegszeit,Nachkriegszeit,expert
de,nachname,Nachname,expert
de,nadeln,Nadeln,expert
de,nadine,Nadine,expert
de,nasen,Nasen,expert
de,neuanfang,Neuanfang,expert
de,neuhaus,Neuhaus,expert
de,neustart,Neustart,expert
de,nickel,Nickel,expert
de,niedergang,Niedergang,expert
de,niederrhein,Niederrhein,expert
de,nietzsche,Nietzsche,expert
de,nische,Nische,expert
de,nissan,Nissan,expert
de,nizza,Nizza,expert
de,nordafrika,Nordafrika,expert
de,nordwesten,Nordwesten,expert
de,normalität,Normalität,expert
de,notaufnahme,Notaufnahme,expert
de,oberfranken,Oberfranken,expert
de,oberkörper,Oberkörper,expert
de,obhut,Obhut,expert
de,odenwald,Odenwald,expert
de,offenbarung,Offenbarung,expert
de,ohnmacht,Ohnmacht,expert
de,olga,Olga,expert
de,omas,Omas,expert
de,opern,Opern,expert
de,optimismus,Optimismus,expert
de,ordens,Ordens,expert
de,oslo,Oslo,expert
de,ostdeutschland,Ostdeutschland,expert
de,palais,Palais,expert
de,palette,Palette,expert
de,palästinenser,Palästinenser,expert
de,pandemie,Pandemie,expert
de,panne,Panne,expert
de,panther,Panther,expert
de,paprika,Paprika,expert
de,papstes,Papstes,expert
de,parasiten,Parasiten,expert
de,parodie,Parodie,expert
de,parolen,Parolen,expert
de,partners,Partners,expert
de,passion,Passion,expert
de,pendant,Pendant,expert
de,pendler,Pendler,expert
de,penner,Penner,expert
de,pfannkuchen,Pfannkuchen,expert
de,pfarrei,Pfarrei,expert
de,phantom,Phantom,expert
de,photoshop,Photoshop,expert
de,phänomene,Phänomene,expert
de,picasso,Picasso,expert
de,pillen,Pillen,expert
de,planck,Planck,expert
de,platin,Platin,expert
de,platzes,Platzes,expert
de,plätzchen,Plätzchen,expert
de,podium,Podium,expert
de,polemik,Polemik,expert
de,polens,Polens,expert
de,popularität,Popularität,expert
de,populismus,Populismus,expert
de,porträts,Porträts,expert
de,posen,Posen,expert
de,postfach,Postfach,expert
de,pracht,Pracht,expert
de,prager,Prager,expert
de,pressefreiheit,Pressefreiheit,expert
de,privatisierung,Privatisierung,expert
de,programmierung,Programmierung,expert
de,projektleiter,Projektleiter,expert
de,promille,Promille,expert
de,prosa,Prosa,expert
de,protestanten,Protestanten,expert
de,protokolle,Protokolle,expert
de,prototyp,Prototyp,expert
de,provider,Provider,expert
de,provision,Provision,expert
de,prozentsatz,Prozentsatz,expert
de,prozessor,Prozessor,expert
de,prägung,Prägung,expert
de,prämie,Prämie,expert
de,prämien,Prämien,expert
de,präzision,Präzision,expert
de,prüfer,Prüfer,expert
de,psychologe,Psychologe,expert
de,pubertät,Pubertät,expert
de,quark,Quark,expert
de,querschnitt,Querschnitt,expert
de,radiosender,Radiosender,expert
de,radler,Radler,expert
de,raphael,Raphael,expert
de,raumfahrt,Raumfahrt,expert
de,raumschiff,Raumschiff,expert
de,rebellion,Rebellion,expert
de,rechenschaft,Rechenschaft,expert
de,recklinghausen,Recklinghausen,expert
de,referenten,Referenten,expert
de,referenz,Referenz,expert
de,reflexion,Reflexion,expert
de,regenbogen,Regenbogen,expert
de,reha,Reha,expert
de,reinhardt,Reinhardt,expert
de,rekonstruktion,Rekonstruktion,expert
de,renner,Renner,expert
de,reserven,Reserven,expert
de,rettungsdienst,Rettungsdienst,expert
de,reuter,Reuter,expert
de,riese,Riese,expert
de,rinder,Rinder,expert
de,rippen,Rippen,expert
de,roberts,Roberts,expert
de,robinson,Robinson,expert
de,rohre,Rohre,expert
de,roms,Roms,expert
de,rosenberg,Rosenberg,expert
de,rost,Rost,expert
de,routen,Routen,expert
de,ruck,Ruck,expert
de,rumpf,Rumpf,expert
de,rundgang,Rundgang,expert
de,rupert,Rupert,expert
de,russe,Russe,expert
de,räumung,Räumung,expert
de,rückgabe,Rückgabe,expert
de,rückgrat,Rückgrat,expert
de,rückrunde,Rückrunde,expert
de,sabrina,Sabrina,expert
de,sarg,Sarg,expert
de,sauerland,Sauerland,expert
de,scanner,Scanner,expert
de,schauer,Schauer,expert
de,schaum,Schaum,expert
de,scheinwerfer,Scheinwerfer,expert
de,schlepper,Schlepper,expert
de,schlucht,Schlucht,expert
de,schlussfolgerung,Schlussfolgerung,expert
de,schlägerei,Schlägerei,expert
de,schmetterlinge,Schmetterlinge,expert
de,schnelligkeit,Schnelligkeit,expert
de,schnittstelle,Schnittstelle,expert
de,schranken,Schranken,expert
de,schriftstellerin,Schriftstellerin,expert
de,schriftzug,Schriftzug,expert
de,schulabschluss,Schulabschluss,expert
de,schweiger,Schweiger,expert
de,seattle,Seattle,expert
de,sees,Sees,expert
de,seide,Seide,expert
de,seins,Seins,expert
de,sekretärin,Sekretärin,expert
de,sekte,Sekte,expert
de,seltenheit,Seltenheit,expert
de,senats,Senats,expert
de,senders,Senders,expert
de,sensation,Sensation,expert
de,siedler,Siedler,expert
de,siedlungen,Siedlungen,expert
de,sigmaringen,Sigmaringen,expert
de,sitten,Sitten,expert
de,skandinavien,Skandinavien,expert
de,skizzen,Skizzen,expert
de,slalom,Slalom,expert
de,sockel,Sockel,expert
de,sommerpause,Sommerpause,expert
de,sonde,Sonde,expert
de,sonnabend,Sonnabend,expert
de,sonnenbrille,Sonnenbrille,expert
de,sonnenlicht,Sonnenlicht,expert
de,sounds,Sounds,expert
de,spaghetti,Spaghetti,expert
de,spargel,Spargel,expert
de,speer,Speer,expert
de,spekulation,Spekulation,expert
de,speyer,Speyer,expert
de,sportverein,Sportverein,expert
de,sportwagen,Sportwagen,expert
de,spott,Spott,expert
de,sprengstoff,Sprengstoff,expert
de,sprünge,Sprünge,expert
de,stadtteile,Stadtteile,expert
de,stadtzentrum,Stadtzentrum,expert
de,stande,Stande,expert
de,starter,Starter,expert
de,startseite,Startseite,expert
de,staubsauger,Staubsauger,expert
de,stecker,Stecker,expert
de,stellungnahmen,Stellungnahmen,expert
de,sticker,Sticker,expert
de,stile,Stile,expert
de,stipendium,Stipendium,expert
de,stockwerk,Stockwerk,expert
de,straubing,Straubing,expert
de,stromversorgung,Stromversorgung,expert
de,strophe,Strophe,expert
de,stützpunkt,Stützpunkt,expert
de,subjekt,Subjekt,expert
de,subventionen,Subventionen,expert
de,superstar,Superstar,expert
de,sushi,Sushi,expert
de,swing,Swing,expert
de,symbolik,Symbolik,expert
de,symptom,Symptom,expert
de,synthese,Synthese,expert
de,süddeutschland,Süddeutschland,expert
de,südosten,Südosten,expert
de,taiwan,Taiwan,expert
de,taliban,Taliban,expert
de,tango,Tango,expert
de,techno,Techno,expert
de,teheran,Teheran,expert
de,terrain,Terrain,expert
de,testspiel,Testspiel,expert
de,theaterstück,Theaterstück,expert
de,theologen,Theologen,expert
de,theresa,Theresa,expert
de,thun,Thun,expert
de,timing,Timing,expert
de,tinte,Tinte,expert
de,titanic,Titanic,expert
de,toast,Toast,expert
de,todesopfer,Todesopfer,expert
de,toronto,Toronto,expert
de,tourist,Tourist,expert
de,tracht,Tracht,expert
de,trainings,Trainings,expert
de,traktor,Traktor,expert
de,trasse,Trasse,expert
de,trauben,Trauben,expert
de,treibstoff,Treibstoff,expert
de,trinkgeld,Trinkgeld,expert
de,tube,Tube,expert
de,tugend,Tugend,expert
de,turin,Turin,expert
de,turniere,Turniere,expert
de,tänzerin,Tänzerin,expert
de,täuschung,Täuschung,expert
de,umsätze,Umsätze,expert
de,unfug,Unfug,expert
de,unfällen,Unfällen,expert
de,ungerechtigkeit,Ungerechtigkeit,expert
de,universums,Universums,expert
de,unmut,Unmut,expert
de,unzufriedenheit,Unzufriedenheit,expert
de,ursprungs,Ursprungs,expert
de,uruguay,Uruguay,expert
de,utopie,Utopie,expert
de,vakuum,Vakuum,expert
de,vegetarier,Vegetarier,expert
de,vegetation,Vegetation,expert
de,verabschiedung,Verabschiedung,expert
de,verachtung,Verachtung,expert
de,verbote,Verbote,expert
de,verbundenheit,Verbundenheit,expert
de,verdi,Verdi,expert
de,vergessenheit,Vergessenheit,expert
de,vergewaltiger,Vergewaltiger,expert
de,verhinderung,Verhinderung,expert
de,verlusten,Verlusten,expert
de,vermittler,Vermittler,expert
de,vermutungen,Vermutungen,expert
de,vermögens,Vermögens,expert
de,verordnungen,Verordnungen,expert
de,versammlungen,Versammlungen,expert
de,verschwendung,Verschwendung,expert
de,verse,Verse,expert
de,verspätungen,Verspätungen,expert
de,versuchs,Versuchs,expert
de,versöhnung,Versöhnung,expert
de,vertrauens,Vertrauens,expert
de,vertreibung,Vertreibung,expert
de,verwalter,Verwalter,expert
de,verwertung,Verwertung,expert
de,viagra,Viagra,expert
de,videospiele,Videospiele,expert
de,violine,Violine,expert
de,visum,Visum,expert
de,volks,Volks,expert
de,volksrepublik,Volksrepublik,expert
de,volksschule,Volksschule,expert
de,vollendung,Vollendung,expert
de,volvo,Volvo,expert
de,vorderseite,Vorderseite,expert
de,vorlieben,Vorlieben,expert
de,vormarsch,Vormarsch,expert
de,vorort,Vorort,expert
de,vorschau,Vorschau,expert
de,vorschlägen,Vorschlägen,expert
de,vorstandes,Vorstandes,expert
de,vortag,Vortag,expert
de,vorträgen,Vorträgen,expert
de,völkern,Völkern,expert
de,völkerrecht,Völkerrecht,expert
de,waffenstillstand,Waffenstillstand,expert
de,wagens,Wagens,expert
de,wahlergebnis,Wahlergebnis,expert
de,wahn,Wahn,expert
de,wahrheiten,Wahrheiten,expert
de,wahrung,Wahrung,expert
de,wahrzeichen,Wahrzeichen,expert
de,wales,Wales,expert
de,warnungen,Warnungen,expert
de,wasserfall,Wasserfall,expert
de,websites,Websites,expert
de,wedding,Wedding,expert
de,wegfall,Wegfall,expert
de,weihnachtszeit,Weihnachtszeit,expert
de,weiler,Weiler,expert
de,welpen,Welpen,expert
de,weltanschauung,Weltanschauung,expert
de,werks,Werks,expert
de,westdeutschland,Westdeutschland,expert
de,westeuropa,Westeuropa,expert
de,wetzlar,Wetzlar,expert
de,widersprüche,Widersprüche,expert
de,wiederaufnahme,Wiederaufnahme,expert
de,wiedergabe,Wiedergabe,expert
de,wiederholungen,Wiederholungen,expert
de,wiederwahl,Wiederwahl,expert
de,wildnis,Wildnis,expert
de,willkür,Willkür,expert
de,wirbelsäule,Wirbelsäule,expert
de,wirtschaftskrise,Wirtschaftskrise,expert
de,witterung,Witterung,expert
de,wodka,Wodka,expert
de,wohlbefinden,Wohlbefinden,expert
de,wohnmobil,Wohnmobil,expert
de,wortschatz,Wortschatz,expert
de,wrack,Wrack,expert
de,wucht,Wucht,expert
de,würdigung,Würdigung,expert
de,würzburger,Würzburger,expert
de,xaver,Xaver,expert
de,yang,Yang,expert
de,yen,Yen,expert
de,yvonne,Yvonne,expert
de,zeichner,Zeichner,expert
de,zeitgeist,Zeitgeist,expert
de,zentralbank,Zentralbank,expert
de,zertifikat,Zertifikat,expert
de,zielsetzung,Zielsetzung,expert
de,ziffer,Ziffer,expert
de,ziffern,Ziffern,expert
de,zink,Zink,expert
de,zins,Zins,expert
de,zitrone,Zitrone,expert
de,zombies,Zombies,expert
de,zugabe,Zugabe,expert
de,zuneigung,Zuneigung,expert
de,zuschlag,Zuschlag,expert
de,zuspruch,Zuspruch,expert
de,zutun,Zutun,expert
de,zuverlässigkeit,Zuverlässigkeit,expert
de,zuwanderer,Zuwanderer,expert
de,zwerg,Zwerg,expert
de,zwischenfall,Zwischenfall,expert
de,ökologie,Ökologie,expert
de,ökonomen,Ökonomen,expert
de,überweisung,Überweisung,expert
de,überwindung,Überwindung,expert
de,überzeugungen,Überzeugungen,expert
de,abbau,Abbau,hard
de,abgabe,Abgabe,hard
de,abhängigkeit,Abhängigkeit,hard
de,abschaffung,Abschaffung,hard
de,abt,Abt,hard
de,abwechslung,Abwechslung,hard
de,abwehr,Abwehr,hard
de,abzug,Abzug,hard
de,affen,Affen,hard
de,akteure,Akteure,hard
de,aktie,Aktie,hard
de,aktivität,Aktivität,hard
de,aldi,Aldi,hard
de,amateur,Amateur,hard
de,amtsgericht,Amtsgericht,hard
de,amtszeit,Amtszeit,hard
de,analysen,Analysen,hard
de,anbau,Anbau,hard
de,andy,Andy,hard
de,anfänger,Anfänger,hard
de,ankündigung,Ankündigung,hard
de,anleger,Anleger,hard
de,anordnung,Anordnung,hard
de,anpassung,Anpassung,hard
de,ansätze,Ansätze,hard
de,antifa,Antifa,hard
de,antisemitismus,Antisemitismus,hard
de,antonio,Antonio,hard
de,anträge,Anträge,hard
de,anwendungen,Anwendungen,hard
de,anwesenheit,Anwesenheit,hard
de,anwälte,Anwälte,hard
de,anzeichen,Anzeichen,hard
de,anzug,Anzug,hard
de,apfel,Apfel,hard
de,applaus,Applaus,hard
de,arabien,Arabien,hard
de,arbeitslosigkeit,Arbeitslosigkeit,hard
de,architekt,Architekt,hard
de,asche,Asche,hard
de,atem,Atem,hard
de,aufführung,Aufführung,hard
de,aufhebung,Aufhebung,hard
de,auftakt,Auftakt,hard
de,auftritte,Auftritte,hard
de,aufträge,Aufträge,hard
de,aufzeichnungen,Aufzeichnungen,hard
de,ausblick,Ausblick,hard
de,ausbruch,Ausbruch,hard
de,ausflug,Ausflug,hard
de,ausführungen,Ausführungen,hard
de,ausgangspunkt,Ausgangspunkt,hard
de,ausstellungen,Ausstellungen,hard
de,auswertung,Auswertung,hard
de,auszug,Auszug,hard
de,babys,Babys,hard
de,bakterien,Bakterien,hard
de,bamberg,Bamberg,hard
de,baron,Baron,hard
de,baustelle,Baustelle,hard
de,bayreuth,Bayreuth,hard
de,becken,Becken,hard
de,bedingung,Bedingung,hard
de,bedürfnis,Bedürfnis,hard
de,befreiung,Befreiung,hard
de,bekämpfung,Bekämpfung,hard
de,beleuchtung,Beleuchtung,hard
de,belohnung,Belohnung,hard
de,benutzung,Benutzung,hard
de,benz,Benz,hard
de,beobachter,Beobachter,hard
de,beobachtung,Beobachtung,hard
de,berechnung,Berechnung,hard
de,bereitschaft,Bereitschaft,hard
de,berger,Berger,hard
de,beschwerde,Beschwerde,hard
de,besserung,Besserung,hard
de,bestellung,Bestellung,hard
de,besuchern,Besuchern,hard
de,betracht,Betracht,hard
de,betrachtung,Betrachtung,hard
de,bewerber,Bewerber,hard
de,bienen,Bienen,hard
de,bildschirm,Bildschirm,hard
de,blitz,Blitz,hard
de,blüten,Blüten,hard
de,boris,Boris,hard
de,bosch,Bosch,hard
de,boys,Boys,hard
de,browser,Browser,hard
de,bruch,Bruch,hard
de,brötchen,Brötchen,hard
de,buches,Buches,hard
de,bull,Bull,hard
de,bundesamt,Bundesamt,hard
de,bundesland,Bundesland,hard
de,bundesländer,Bundesländer,hard
de,bundesrat,Bundesrat,hard
de,bundestagswahl,Bundestagswahl,hard
de,busch,Busch,hard
de,call,Call,hard
de,campus,Campus,hard
de,carlos,Carlos,hard
de,charaktere,Charaktere,hard
de,charlie,Charlie,hard
de,chinesen,Chinesen,hard
de,christ,Christ,hard
de,clinton,Clinton,hard
de,couch,Couch,hard
de,crew,Crew,hard
de,dankeschön,Dankeschön,hard
de,debüt,Debüt,hard
de,demokraten,Demokraten,hard
de,denkmal,Denkmal,hard
de,depression,Depression,hard
de,diebstahl,Diebstahl,hard
de,dietrich,Dietrich,hard
de,dimension,Dimension,hard
de,dinger,Dinger,hard
de,diskriminierung,Diskriminierung,hard
de,disney,Disney,hard
de,doku,Doku,hard
de,dresdner,Dresdner,hard
de,dummheit,Dummheit,hard
de,durchbruch,Durchbruch,hard
de,dörfer,Dörfer,hard
de,düsseldorfer,Düsseldorfer,hard
de,echo,Echo,hard
de,effekte,Effekte,hard
de,eigenschaft,Eigenschaft,hard
de,einbruch,Einbruch,hard
de,einkauf,Einkauf,hard
de,einleitung,Einleitung,hard
de,einschränkung,Einschränkung,hard
de,einschränkungen,Einschränkungen,hard
de,einstellungen,Einstellungen,hard
de,einwohnern,Einwohnern,hard
de,einzel,Einzel,hard
de,eisenbahn,Eisenbahn,hard
de,eishockey,Eishockey,hard
de,elbe,Elbe,hard
de,empfehlungen,Empfehlungen,hard
de,enkel,Enkel,hard
de,ensemble,Ensemble,hard
de,erdbeben,Erdbeben,hard
de,erfindung,Erfindung,hard
de,ergebnissen,Ergebnissen,hard
de,ergänzung,Ergänzung,hard
de,erhaltung,Erhaltung,hard
de,erscheinung,Erscheinung,hard
de,erzählung,Erzählung,hard
de,erzählungen,Erzählungen,hard
de,europäer,Europäer,hard
de,evolution,Evolution,hard
de,ewigkeit,Ewigkeit,hard
de,exemplare,Exemplare,hard
de,explosion,Explosion,hard
de,fahne,Fahne,hard
de,fahrzeugen,Fahrzeugen,hard
de,fakt,Fakt,hard
de,fakultät,Fakultät,hard
de,fantasie,Fantasie,hard
de,faschismus,Faschismus,hard
de,fassade,Fassade,hard
de,favoriten,Favoriten,hard
de,ferrari,Ferrari,hard
de,films,Films,hard
de,finnland,Finnland,hard
de,flecken,Flecken,hard
de,flur,Flur,hard
de,flüchtling,Flüchtling,hard
de,formulierung,Formulierung,hard
de,forschungen,Forschungen,hard
de,francisco,Francisco,hard
de,freundinnen,Freundinnen,hard
de,fusion,Fusion,hard
de,fürsten,Fürsten,hard
de,garage,Garage,hard
de,garantie,Garantie,hard
de,gastgeber,Gastgeber,hard
de,gebäuden,Gebäuden,hard
de,gemeinderat,Gemeinderat,hard
de,genf,Genf,hard
de,gepäck,Gepäck,hard
de,gerd,Gerd,hard
de,geräten,Geräten,hard
de,gerüchte,Gerüchte,hard
de,gesetzen,Gesetzen,hard
de,gewerkschaft,Gewerkschaft,hard
de,gift,Gift,hard
de,glanz,Glanz,hard
de,gnade,Gnade,hard
de,gottesdienst,Gottesdienst,hard
de,grammatik,Grammatik,hard
de,griechen,Griechen,hard
de,grundgesetz,Grundgesetz,hard
de,hall,Hall,hard
de,haltestelle,Haltestelle,hard
de,hamm,Hamm,hard
de,handball,Handball,hard
de,handys,Handys,hard
de,hardcore,Hardcore,hard
de,hardware,Hardware,hard
de,hartmann,Hartmann,hard
de,hauptmann,Hauptmann,hard
de,haustür,Haustür,hard
de,heide,Heide,hard
de,heizung,Heizung,hard
de,helene,Helene,hard
de,helm,Helm,hard
de,herausgeber,Herausgeber,hard
de,hertha,Hertha,hard
de,highlight,Highlight,hard
de,hintergründe,Hintergründe,hard
de,hintern,Hintern,hard
de,historiker,Historiker,hard
de,hits,Hits,hard
de,hoffnungen,Hoffnungen,hard
de,holocaust,Holocaust,hard
de,honig,Honig,hard
de,hubert,Hubert,hard
de,hubschrauber,Hubschrauber,hard
de,höhen,Höhen,hard
de,ichs,Ichs,hard
de,ideologie,Ideologie,hard
de,idiot,Idiot,hard
de,ingenieur,Ingenieur,hard
de,ingolstadt,Ingolstadt,hard
de,innenminister,Innenminister,hard
de,innovation,Innovation,hard
de,insekten,Insekten,hard
de,institute,Institute,hard
de,institution,Institution,hard
de,internetseite,Internetseite,hard
de,ironie,Ironie,hard
de,islamisten,Islamisten,hard
de,jacob,Jacob,hard
de,jahrhunderte,Jahrhunderte,hard
de,jim,Jim,hard
de,jochen,Jochen,hard
de,johnson,Johnson,hard
de,journalismus,Journalismus,hard
de,jubiläum,Jubiläum,hard
de,julius,Julius,hard
de,jungfrau,Jungfrau,hard
de,junioren,Junioren,hard
de,jura,Jura,hard
de,juristen,Juristen,hard
de,kameraden,Kameraden,hard
de,kanton,Kanton,hard
de,kapelle,Kapelle,hard
de,kasten,Kasten,hard
de,kater,Kater,hard
de,kaufmann,Kaufmann,hard
de,kilometern,Kilometern,hard
de,kirchengemeinde,Kirchengemeinde,hard
de,kita,Kita,hard
de,klamotten,Klamotten,hard
de,klimawandel,Klimawandel,hard
de,klo,Klo,hard
de,knopf,Knopf,hard
de,koblenz,Koblenz,hard
de,kohl,Kohl,hard
de,kollegin,Kollegin,hard
de,kommando,Kommando,hard
de,kommissar,Kommissar,hard
de,komponenten,Komponenten,hard
de,komödie,Komödie,hard
de,konsum,Konsum,hard
de,kopfschmerzen,Kopfschmerzen,hard
de,kopie,Kopie,hard
de,korrektur,Korrektur,hard
de,korruption,Korruption,hard
de,kreativität,Kreativität,hard
de,kreises,Kreises,hard
de,kreuzung,Kreuzung,hard
de,krieger,Krieger,hard
de,kriminalität,Kriminalität,hard
de,kroatien,Kroatien,hard
de,kuh,Kuh,hard
de,kurden,Kurden,hard
de,kärnten,Kärnten,hard
de,könige,Könige,hard
de,königreich,Königreich,hard
de,körpers,Körpers,hard
de,kündigung,Kündigung,hard
de,künstlerin,Künstlerin,hard
de,künstlern,Künstlern,hard
de,labor,Labor,hard
de,ladung,Ladung,hard
de,landesregierung,Landesregierung,hard
de,landgericht,Landgericht,hard
de,landrat,Landrat,hard
de,lars,Lars,hard
de,lebensjahr,Lebensjahr,hard
de,lebenslauf,Lebenslauf,hard
de,leichen,Leichen,hard
de,leinwand,Leinwand,hard
de,liebhaber,Liebhaber,hard
de,linux,Linux,hard
de,lizenz,Lizenz,hard
de,lothar,Lothar,hard
de,lücke,Lücke,hard
de,made,Made,hard
de,magie,Magie,hard
de,mailand,Mailand,hard
de,manchester,Manchester,hard
de,marathon,Marathon,hard
de,marburg,Marburg,hard
de,marktplatz,Marktplatz,hard
de,mars,Mars,hard
de,marsch,Marsch,hard
de,materie,Materie,hard
de,maximilian,Maximilian,hard
de,medaille,Medaille,hard
de,mediziner,Mediziner,hard
de,meilen,Meilen,hard
de,meinungsfreiheit,Meinungsfreiheit,hard
de,meldungen,Meldungen,hard
de,melodie,Melodie,hard
de,messung,Messung,hard
de,miami,Miami,hard
de,migration,Migration,hard
de,minderheit,Minderheit,hard
de,mindestlohn,Mindestlohn,hard
de,mittelmeer,Mittelmeer,hard
de,mitternacht,Mitternacht,hard
de,mix,Mix,hard
de,mobilität,Mobilität,hard
de,moschee,Moschee,hard
de,muschi,Muschi,hard
de,museen,Museen,hard
de,musical,Musical,hard
de,muskeln,Muskeln,hard
de,mythos,Mythos,hard
de,mängel,Mängel,hard
de,märkte,Märkte,hard
de,möbel,Möbel,hard
de,mönchengladbach,Mönchengladbach,hard
de,nachteil,Nachteil,hard
de,neckar,Neckar,hard
de,neuigkeiten,Neuigkeiten,hard
de,nichtmal,Nichtmal,hard
de,nicole,Nicole,hard
de,nikolaus,Nikolaus,hard
de,nils,Nils,hard
de,nina,Nina,hard
de,notfall,Notfall,hard
de,nächte,Nächte,hard
de,nürnberger,Nürnberger,hard
de,oberliga,Oberliga,hard
de,offenbach,Offenbach,hard
de,offizier,Offizier,hard
de,oldenburg,Oldenburg,hard
de,optionen,Optionen,hard
de,orden,Orden,hard
de,orgel,Orgel,hard
de,oskar,Oskar,hard
de,osnabrück,Osnabrück,hard
de,ostern,Ostern,hard
de,ostsee,Ostsee,hard
de,palast,Palast,hard
de,panorama,Panorama,hard
de,papiere,Papiere,hard
de,pariser,Pariser,hard
de,partnerschaft,Partnerschaft,hard
de,passagiere,Passagiere,hard
de,passwort,Passwort,hard
de,perspektiven,Perspektiven,hard
de,persönlichkeiten,Persönlichkeiten,hard
de,petra,Petra,hard
de,phasen,Phasen,hard
de,planet,Planet,hard
de,player,Player,hard
de,plänen,Plänen,hard
de,plätzen,Plätzen,hard
de,po,Po,hard
de,podcast,Podcast,hard
de,politikern,Politikern,hard
de,potential,Potential,hard
de,potenzial,Potenzial,hard
de,praktikum,Praktikum,hard
de,premier,Premier,hard
de,pressekonferenz,Pressekonferenz,hard
de,prinzipien,Prinzipien,hard
de,problematik,Problematik,hard
de,prognose,Prognose,hard
de,projekten,Projekten,hard
de,proteste,Proteste,hard
de,präsenz,Präsenz,hard
de,prüfungen,Prüfungen,hard
de,quote,Quote,hard
de,rabatt,Rabatt,hard
de,rache,Rache,hard
de,raketen,Raketen,hard
de,rasse,Rasse,hard
de,rebellen,Rebellen,hard
de,recherche,Recherche,hard
de,rechnungen,Rechnungen,hard
de,reformen,Reformen,hard
de,reichtum,Reichtum,hard
de,religionen,Religionen,hard
de,report,Report,hard
de,reserve,Reserve,hard
de,restaurants,Restaurants,hard
de,reste,Reste,hard
de,resultat,Resultat,hard
de,review,Review,hard
de,rezension,Rezension,hard
de,richtlinien,Richtlinien,hard
de,rohr,Rohr,hard
de,roma,Roma,hard
de,rosen,Rosen,hard
de,rucksack,Rucksack,hard
de,ruhestand,Ruhestand,hard
de,russlands,Russlands,hard
de,römer,Römer,hard
de,rückzug,Rückzug,hard
de,saarland,Saarland,hard
de,safe,Safe,hard
de,saft,Saft,hard
de,salzburger,Salzburger,hard
de,sandra,Sandra,hard
de,sanierung,Sanierung,hard
de,santa,Santa,hard
de,satire,Satire,hard
de,saudi,Saudi,hard
de,scheidung,Scheidung,hard
de,schein,Schein,hard
de,schlagzeilen,Schlagzeilen,hard
de,schuh,Schuh,hard
de,schwaben,Schwaben,hard
de,schwachsinn,Schwachsinn,hard
de,schwangerschaft,Schwangerschaft,hard
de,schweine,Schweine,hard
de,schädel,Schädel,hard
de,schäfer,Schäfer,hard
de,schülerinnen,Schülerinnen,hard
de,seelen,Seelen,hard
de,segen,Segen,hard
de,selbstmord,Selbstmord,hard
de,semester,Semester,hard
de,sendungen,Sendungen,hard
de,siegfried,Siegfried,hard
de,socken,Socken,hard
de,sohnes,Sohnes,hard
de,sonnenschein,Sonnenschein,hard
de,sony,Sony,hard
de,sorte,Sorte,hard
de,sorten,Sorten,hard
de,spanier,Spanier,hard
de,sparkasse,Sparkasse,hard
de,sprüche,Sprüche,hard
de,staats,Staats,hard
de,staatsanwalt,Staatsanwalt,hard
de,stabilität,Stabilität,hard
de,stadtrat,Stadtrat,hard
de,standorte,Standorte,hard
de,standpunkt,Standpunkt,hard
de,statement,Statement,hard
de,statistiken,Statistiken,hard
de,steiermark,Steiermark,hard
de,stellvertreter,Stellvertreter,hard
de,sternen,Sternen,hard
de,stift,Stift,hard
de,stirn,Stirn,hard
de,straftaten,Straftaten,hard
de,sturz,Sturz,hard
de,stuttgarter,Stuttgarter,hard
de,störungen,Störungen,hard
de,substanz,Substanz,hard
de,suppe,Suppe,hard
de,sven,Sven,hard
de,sätzen,Sätzen,hard
de,tatsachen,Tatsachen,hard
de,taylor,Taylor,hard
de,techniker,Techniker,hard
de,teilnehmern,Teilnehmern,hard
de,telefonnummer,Telefonnummer,hard
de,testament,Testament,hard
de,texas,Texas,hard
de,thailand,Thailand,hard
de,theodor,Theodor,hard
de,theorien,Theorien,hard
de,thüringer,Thüringer,hard
de,tiger,Tiger,hard
de,tobias,Tobias,hard
de,topf,Topf,hard
de,toren,Toren,hard
de,transparenz,Transparenz,hard
de,trends,Trends,hard
de,tricks,Tricks,hard
de,trio,Trio,hard
de,tschechien,Tschechien,hard
de,töchter,Töchter,hard
de,ulrike,Ulrike,hard
de,umfragen,Umfragen,hard
de,umstand,Umstand,hard
de,untergang,Untergang,hard
de,unterkunft,Unterkunft,hard
de,unterschrift,Unterschrift,hard
de,urkunde,Urkunde,hard
de,ursula,Ursula,hard
de,venedig,Venedig,hard
de,verbesserungen,Verbesserungen,hard
de,verbrecher,Verbrecher,hard
de,vergewaltigung,Vergewaltigung,hard
de,verhandlung,Verhandlung,hard
de,vermieter,Vermieter,hard
de,vermittlung,Vermittlung,hard
de,vermutung,Vermutung,hard
de,versand,Versand,hard
de,versionen,Versionen,hard
de,verstärkung,Verstärkung,hard
de,verteidiger,Verteidiger,hard
de,vertretern,Vertretern,hard
de,vertretung,Vertretung,hard
de,victor,Victor,hard
de,viertelfinale,Viertelfinale,hard
de,volumen,Volumen,hard
de,vorbereitungen,Vorbereitungen,hard
de,vorfall,Vorfall,hard
de,vorgang,Vorgang,hard
de,vorjahr,Vorjahr,hard
de,vormittag,Vormittag,hard
de,vorpommern,Vorpommern,hard
de,vorsprung,Vorsprung,hard
de,vorträge,Vorträge,hard
de,väter,Väter,hard
de,weimar,Weimar,hard
de,weisheit,Weisheit,hard
de,welten,Welten,hard
de,wiederholung,Wiederholung,hard
de,wikipedia,Wikipedia,hard
de,willi,Willi,hard
de,williams,Williams,hard
de,wissens,Wissens,hard
de,wortes,Wortes,hard
de,währung,Währung,hard
de,wäsche,Wäsche,hard
de,zaun,Zaun,hard
de,zeichnung,Zeichnung,hard
de,zeilen,Zeilen,hard
de,zeitalter,Zeitalter,hard
de,zeitschriften,Zeitschriften,hard
de,zielgruppe,Zielgruppe,hard
de,zigaretten,Zigaretten,hard
de,zimmermann,Zimmermann,hard
de,zulassung,Zulassung,hard
de,zusammensetzung,Zusammensetzung,hard
de,zuschauern,Zuschauern,hard
de,zügen,Zügen,hard
de,ära,Ära,hard
de,öffnung,Öffnung,hard
de,überlegungen,Überlegungen,hard
de,überprüfung,Überprüfung,hard
de,übersetzer,Übersetzer,hard
de,übungen,Übungen,hard
de,abstand,Abstand,medium
de,abteilung,Abteilung,medium
de,adresse,Adresse,medium
de,afrika,Afrika,medium
de,amerika,Amerika,medium
de,amerikaner,Amerikaner,medium
de,analyse,Analyse,medium
de,angebote,Angebote,medium
de,anhänger,Anhänger,medium
de,anlass,Anlass,medium
de,ansicht,Ansicht,medium
de,antrag,Antrag,medium
de,anwendung,Anwendung,medium
de,aufbau,Aufbau,medium
de,aufnahme,Aufnahme,medium
de,ausnahme,Ausnahme,medium
de,autoren,Autoren,medium
de,bauernhof,Bauernhof,medium
de,behörden,Behörden,medium
de,beine,Beine,medium
de,beispiele,Beispiele,medium
de,beschreibung,Beschreibung,medium
de,beweis,Beweis,medium
de,beziehungen,Beziehungen,medium
de,bonn,Bonn,medium
de,brandenburg,Brandenburg,medium
de,bühne,Bühne,medium
de,chancen,Chancen,medium
de,charakter,Charakter,medium
de,dame,Dame,medium
de,dauer,Dauer,medium
de,design,Design,medium
de,drogen,Drogen,medium
de,einheit,Einheit,medium
de,einrichtung,Einrichtung,medium
de,entscheidungen,Entscheidungen,medium
de,experten,Experten,medium
de,fan,Fan,medium
de,farben,Farben,medium
de,fischer,Fischer,medium
de,fläche,Fläche,medium
de,freiburg,Freiburg,medium
de,frühling,Frühling,medium
de,förderung,Förderung,medium
de,gast,Gast,medium
de,gefühle,Gefühle,medium
de,gegenteil,Gegenteil,medium
de,george,George,medium
de,geschenk,Geschenk,medium
de,geschichte,Geschichte,medium
de,geschäft,Geschäft,medium
de,gesetze,Gesetze,medium
de,gesundheit,Gesundheit,medium
de,gewicht,Gewicht,medium
de,hamburger,Hamburger,medium
de,hauptstadt,Hauptstadt,medium
de,hersteller,Hersteller,medium
de,hessen,Hessen,medium
de,hi,Hi,medium
de,hoffnung,Hoffnung,medium
de,homepage,Homepage,medium
de,hunde,Hunde,medium
de,händen,Händen,medium
de,häuser,Häuser,medium
de,infos,Infos,medium
de,islam,Islam,medium
de,japan,Japan,medium
de,jesus,Jesus,medium
de,johann,Johann,medium
de,josef,Josef,medium
de,jürgen,Jürgen,medium
de,kategorie,Kategorie,medium
de,keller,Keller,medium
de,kommunikation,Kommunikation,medium
de,konzert,Konzert,medium
de,krankheit,Krankheit,medium
de,leser,Leser,medium
de,ludwig,Ludwig,medium
de,mainz,Mainz,medium
de,manager,Manager,medium
de,maschine,Maschine,medium
de,media,Media,medium
de,minister,Minister,medium
de,mission,Mission,medium
de,münster,Münster,medium
de,nachbarn,Nachbarn,medium
de,nachmittag,Nachmittag,medium
de,nazis,Nazis,medium
de,news,News,medium
de,niveau,Niveau,medium
de,nutzer,Nutzer,medium
de,nutzung,Nutzung,medium
de,otto,Otto,medium
de,parlament,Parlament,medium
de,pflicht,Pflicht,medium
de,philosophie,Philosophie,medium
de,posten,Posten,medium
de,prinzip,Prinzip,medium
de,projekte,Projekte,medium
de,präsidenten,Präsidenten,medium
de,prüfung,Prüfung,medium
de,publikum,Publikum,medium
de,realität,Realität,medium
de,rechnung,Rechnung,medium
de,republik,Republik,medium
de,respekt,Respekt,medium
de,rhein,Rhein,medium
de,richard,Richard,medium
de,rock,Rock,medium
de,sammlung,Sammlung,medium
de,schmidt,Schmidt,medium
de,schüssel,Schüssel,medium
de,service,Service,medium
de,simon,Simon,medium
de,single,Single,medium
de,sitz,Sitz,medium
de,software,Software,medium
de,staffel,Staffel,medium
de,standard,Standard,medium
de,stefan,Stefan,medium
de,städten,Städten,medium
de,syrien,Syrien,medium
de,teams,Teams,medium
de,termin,Termin,medium
de,theorie,Theorie,medium
de,tipps,Tipps,medium
de,ton,Ton,medium
de,tradition,Tradition,medium
de,training,Training,medium
de,typen,Typen,medium
de,umgang,Umgang,medium
de,umwelt,Umwelt,medium
de,unterricht,Unterricht,medium
de,unterseite,Unterseite,medium
de,untersuchung,Untersuchung,medium
de,vorschlag,Vorschlag,medium
de,vorstellung,Vorstellung,medium
de,vorteil,Vorteil,medium
de,west,West,medium
de,wilhelm,Wilhelm,medium
de,witz,Witz,medium
de,worten,Worten,medium
de,württemberg,Württemberg,medium
de,zugang,Zugang,medium
de,ärzte,Ärzte,medium
