lang,old,new,tier,dictionary
es,caido,caído,expert,es_ES
es,callate,cállate,expert,es_ES
es,colin,colín,expert,es_ES
es,deberian,deberían,expert,es_ES
es,deberias,deberías,expert,es_ES
es,estara,estará,expert,es_ES
es,fijate,fíjate,expert,es_ES
es,fria,fría,expert,es_ES
es,funes,fuñes,expert,es_ES
es,hacian,hacían,expert,es_ES
es,iran,irán,expert,es_ES
es,june,juñe,expert,es_ES
es,prohibe,prohíbe,expert,es_ES
es,ramon,ramón,expert,es_ES
es,sali,salí,expert,es_ES
es,tipico,típico,expert,es_ES
es,veia,veía,expert,es_ES
es,alla,allá,hard,es_ES
es,gustaria,gustaría,hard,es_ES
es,increible,increíble,hard,es_ES
es,tio,tío,hard,es_ES
es,ahi,ahí,medium,es_ES
es,paul,paúl,medium,es_ES
fr,drole,drôle,expert,fr
fr,manoeuvre,manœuvre,expert,fr
fr,moeurs,mœurs,expert,fr
fr,pret,prêt,expert,fr
fr,traine,traîne,expert,fr
fr,deja,déjà,hard,fr
fr,oeufs,œufs,hard,fr
de,abschliessenden,abschließenden,expert,de_DE_frami
de,anzuschliessen,anzuschließen,expert,de_DE_frami
de,begrüsste,begrüßte,expert,de_DE_frami
de,einfliessen,einfließen,expert,de_DE_frami
de,erschiesst,erschießt,expert,de_DE_frami
de,erschliesst,erschließt,expert,de_DE_frami
de,grossartiges,großartiges,expert,de_DE_frami
de,mutmassliche,mutmaßliche,expert,de_DE_frami
de,mutmasslichen,mutmaßlichen,expert,de_DE_frami
de,od,öd,expert,de_DE_frami
de,planmässig,planmäßig,expert,de_DE_frami
de,regelmässiger,regelmäßiger,expert,de_DE_frami
de,scheissen,scheißen,expert,de_DE_frami
de,schmeiss,schmeiß,expert,de_DE_frami
de,stiessen,stießen,expert,de_DE_frami
de,unregelmässig,unregelmäßig,expert,de_DE_frami
de,vergass,vergaß,expert,de_DE_frami
de,verschliessen,verschließen,expert,de_DE_frami
de,anschliessen,anschließen,hard,de_DE_frami
de,fliessen,fließen,hard,de_DE_frami
de,gestossen,gestoßen,hard,de_DE_frami
de,geäussert,geäußert,hard,de_DE_frami
de,gleichermassen,gleichermaßen,hard,de_DE_frami
de,gruss,grüß,hard,de_DE_frami
de,grüssen,grüßen,hard,de_DE_frami
de,regelmässige,regelmäßige,hard,de_DE_frami
de,regelmässigen,regelmäßigen,hard,de_DE_frami
de,reissen,reißen,hard,de_DE_frami
de,reisst,reißt,hard,de_DE_frami
de,sassen,saßen,hard,de_DE_frami
de,süssen,süßen,hard,de_DE_frami
de,süsser,süßer,hard,de_DE_frami
de,uber,über,hard,de_DE_frami
de,äussert,äußert,hard,de_DE_frami
de,geniessen,genießen,medium,de_DE_frami
de,grossartig,großartig,medium,de_DE_frami
de,heisse,heiße,medium,de_DE_frami
pt,ces,cês,expert,pt_BR
pt,je,jé,expert,pt_BR
pt,marcio,márcio,expert,pt_BR
pt,tre,tré,expert,pt_BR
pt,valencia,valência,expert,pt_BR
pt,ios,iós,hard,pt_BR
pt,jo,jó,hard,pt_BR
pt,voces,vocês,hard,pt_BR
pt,luis,luís,medium,pt_BR
pt,voce,você,medium,pt_BR
pl,bedą,będą,expert,pl_PL
pl,byloby,byłoby,expert,pl_PL
pl,idz,idź,expert,pl_PL
pl,kase,kasę,expert,pl_PL
pl,mialem,miałem,expert,pl_PL
pl,mna,mną,expert,pl_PL
pl,mowia,mówią,expert,pl_PL
pl,mozemy,możemy,expert,pl_PL
pl,robia,robią,expert,pl_PL
pl,swoj,swój,expert,pl_PL
pl,wszedzie,wszędzie,expert,pl_PL
pl,zdjecie,zdjęcie,expert,pl_PL
pl,zrobil,zrobił,expert,pl_PL
pl,caly,cały,hard,pl_PL
pl,jakas,jakaś,hard,pl_PL
pl,jakos,jakoś,hard,pl_PL
pl,moga,mogą,hard,pl_PL
pl,moj,mój,hard,pl_PL
pl,mowi,mówi,hard,pl_PL
pl,mysle,myślę,hard,pl_PL
pl,oczywiscie,oczywiście,hard,pl_PL
pl,osob,osób,hard,pl_PL
pl,zle,złe,hard,pl_PL
pl,jestes,jesteś,medium,pl_PL
pl,ktos,ktoś,medium,pl_PL
zh,jie1zhu4|接著,jie1zhu4|接着,expert,CC-CEDICT
zh,ta1|牠,ta1|它,expert,CC-CEDICT
zh,you3zhu4|有著,you3zhu4|有着,medium,CC-CEDICT
