lang,side,word,evidence_class,now_class
es,evidence_only,asique,proper_noun,not_in_reference_dictionary
es,evidence_only,burgos,proper_noun,pass
es,evidence_only,callate,proper_noun,misspelled_missing_diacritic
es,evidence_only,colin,proper_noun,misspelled_missing_diacritic
es,evidence_only,funes,wrong_language_other,misspelled_missing_diacritic
es,evidence_only,iran,proper_noun,misspelled_missing_diacritic
es,evidence_only,june,proper_noun,misspelled_missing_diacritic
es,evidence_only,musica,misspelled_missing_diacritic,pass
es,evidence_only,narcos,wrong_language_other,pass
es,evidence_only,neoliberal,wrong_language_other,pass
es,evidence_only,oficialismo,wrong_language_other,pass
es,evidence_only,paul,proper_noun,misspelled_missing_diacritic
es,evidence_only,playstation,wrong_language_other,not_in_reference_dictionary
es,evidence_only,populismo,wrong_language_other,pass
es,evidence_only,ramon,proper_noun,misspelled_missing_diacritic
es,evidence_only,solís,wrong_language_other,not_in_reference_dictionary
es,evidence_only,uribe,proper_noun,not_in_reference_dictionary
es,evidence_only,vehicular,wrong_language_english,pass
es,now_only,alejandría,not_in_reference_dictionary,proper_noun
es,now_only,fujimori,not_in_reference_dictionary,proper_noun
es,now_only,otorrinolaringólogo,pass,wrong_language_other
es,now_only,sisi,not_in_reference_dictionary,wrong_language_other
es,now_only,sofía,not_in_reference_dictionary,proper_noun
es,now_only,sáenz,not_in_reference_dictionary,proper_noun
es,now_only,troya,not_in_reference_dictionary,proper_noun
fr,evidence_only,dupuis,proper_noun,not_in_reference_dictionary
fr,evidence_only,fabius,proper_noun,not_in_reference_dictionary
fr,evidence_only,ille,wrong_language_other,not_in_reference_dictionary
fr,evidence_only,ipod,wrong_language_other,not_in_reference_dictionary
fr,evidence_only,masson,proper_noun,not_in_reference_dictionary
fr,evidence_only,telecom,wrong_language_other,not_in_reference_dictionary
fr,evidence_only,whatsapp,wrong_language_other,not_in_reference_dictionary
fr,now_only,levallois,not_in_reference_dictionary,proper_noun
fr,now_only,nazaire,not_in_reference_dictionary,proper_noun
de,now_only,lehr,not_in_reference_dictionary,proper_noun
de,now_only,minecraft,not_in_reference_dictionary,proper_noun
pt,evidence_only,ios,proper_noun,misspelled_missing_diacritic
pt,evidence_only,ipod,wrong_language_other,not_in_reference_dictionary
pt,evidence_only,jo,proper_noun,misspelled_missing_diacritic
pt,evidence_only,luis,proper_noun,misspelled_missing_diacritic
pt,evidence_only,ongs,proper_noun,not_in_reference_dictionary
pt,evidence_only,valencia,proper_noun,misspelled_missing_diacritic
pt,evidence_only,zhang,proper_noun,not_in_reference_dictionary
pt,now_only,díaz,not_in_reference_dictionary,proper_noun
pl,now_only,act,pass,proper_noun
pl,now_only,audi,pass,proper_noun
pl,now_only,austin,pass,proper_noun
pl,now_only,braun,pass,proper_noun
pl,now_only,europejczyków,pass,proper_noun
pl,now_only,fejsie,not_in_reference_dictionary,proper_noun
pl,now_only,garden,pass,proper_noun
pl,now_only,kanadzie,pass,proper_noun
pl,now_only,lincoln,pass,proper_noun
pl,now_only,magazine,pass,wrong_language_english
pl,now_only,nike,pass,proper_noun
pl,now_only,parker,pass,proper_noun
pl,now_only,porsche,pass,proper_noun
pl,now_only,right,pass,wrong_language_english
pl,now_only,voice,pass,proper_noun
pl,now_only,wiktor,pass,proper_noun
pl,now_only,world,pass,wrong_language_english
ja,evidence_only,うぃるそん,loanword_in_hiragana,not_in_reference_dictionary
ja,evidence_only,うるとらまん,proper_noun,not_in_reference_dictionary
ja,evidence_only,えゔぁ,loanword_in_hiragana,not_in_reference_dictionary
ja,evidence_only,きゃさりん,proper_noun,not_in_reference_dictionary
ja,evidence_only,ぐんまけんりつ,proper_noun,not_in_reference_dictionary
ja,evidence_only,ざんていきょうてい,fragment,pass
ja,evidence_only,じぇしか,loanword_in_hiragana,not_in_reference_dictionary
ja,evidence_only,じぇふ,loanword_in_hiragana,not_in_reference_dictionary
ja,evidence_only,じょんそん,proper_noun,not_in_reference_dictionary
ja,evidence_only,っしょ,fragment,pass
ja,evidence_only,っと,fragment,not_in_reference_dictionary
ja,evidence_only,っぱなし,fragment,pass
ja,evidence_only,っぽ,fragment,not_in_reference_dictionary
ja,evidence_only,てぃむ,loanword_in_hiragana,not_in_reference_dictionary
ja,evidence_only,なぽり,proper_noun,not_in_reference_dictionary
ja,evidence_only,ひがしあじあ,proper_noun,not_in_reference_dictionary
ja,evidence_only,びら,proper_noun,pass
ja,evidence_only,ふぁみ,loanword_in_hiragana,not_in_reference_dictionary
ja,evidence_only,ふぃりっぷ,proper_noun,not_in_reference_dictionary
ja,evidence_only,ぽち,loanword_in_hiragana,pass
ja,evidence_only,みなとみらい,proper_noun,not_in_reference_dictionary
ja,evidence_only,んじゃ,fragment,pass
ja,now_only,あいてむ,pass,loanword_in_hiragana
ja,now_only,あいぬ,pass,loanword_in_hiragana
ja,now_only,あうとどあ,pass,loanword_in_hiragana
ja,now_only,あかうんと,pass,loanword_in_hiragana
ja,now_only,あくせる,pass,loanword_in_hiragana
ja,now_only,あっぷる,pass,loanword_in_hiragana
ja,now_only,あとらくしょん,not_in_reference_dictionary,loanword_in_hiragana
ja,now_only,あとりえ,pass,loanword_in_hiragana
ja,now_only,あどれす,not_in_reference_dictionary,loanword_in_hiragana
ja,now_only,あなる,pass,loanword_in_hiragana
ja,now_only,あなろぐ,pass,loanword_in_hiragana
ja,now_only,あにそん,pass,loanword_in_hiragana
ja,now_only,あぽ,not_in_reference_dictionary,loanword_in_hiragana
ja,now_only,あぽろ,not_in_reference_dictionary,loanword_in_hiragana
ja,now_only,あまちゅあ,pass,loanword_in_hiragana
ja,now_only,あめりかがっしゅうこく,pass,fragment
ja,now_only,あめりかん,pass,loanword_in_hiragana
ja,now_only,あらぶ,pass,loanword_in_hiragana
ja,now_only,あるぜんちん,pass,loanword_in_hiragana
ja,now_only,あると,pass,loanword_in_hiragana
ja,now_only,あるばむ,pass,loanword_in_hiragana
ja,now_only,あんぐる,pass,loanword_in_hiragana
ja,now_only,あんてな,pass,loanword_in_hiragana
ja,now_only,あんどろいど,pass,loanword_in_hiragana
ja,now_only,いぎりす,pass,loanword_in_hiragana
ja,now_only,いすらえる,pass,loanword_in_hiragana
ja,now_only,いすらむ,pass,loanword_in_hiragana
ja,now_only,いらすと,pass,loanword_in_hiragana
ja,now_only,いんぐらんど,pass,loanword_in_hiragana
ja,now_only,いんすたんと,pass,loanword_in_hiragana
ja,now_only,いんてりあ,pass,loanword_in_hiragana
ja,now_only,いんてる,pass,loanword_in_hiragana
ja,now_only,いんどねしあ,not_in_reference_dictionary,loanword_in_hiragana
ja,now_only,いんぱくと,pass,loanword_in_hiragana
ja,now_only,うえすと,pass,loanword_in_hiragana
ja,now_only,うっど,pass,loanword_in_hiragana
ja,now_only,うるとら,pass,loanword_in_hiragana
ja,now_only,うるふ,pass,loanword_in_hiragana
ja,now_only,えあ,not_in_reference_dictionary,loanword_in_hiragana
ja,now_only,えあこん,not_in_reference_dictionary,loanword_in_hiragana
ja,now_only,えいと,pass,loanword_in_hiragana
ja,now_only,えじぷと,pass,loanword_in_hiragana
ja,now_only,えっじ,pass,loanword_in_hiragana
ja,now_only,えっせい,pass,loanword_in_hiragana
ja,now_only,えぷろん,not_in_reference_dictionary,loanword_in_hiragana
ja,now_only,えろげ,pass,loanword_in_hiragana
ja,now_only,えろす,pass,loanword_in_hiragana
ja,now_only,えんじにあ,pass,loanword_in_hiragana
ja,now_only,えんど,pass,loanword_in_hiragana
ja,now_only,えんぶれむ,pass,loanword_in_hiragana
ja,now_only,おかもと,pass,loanword_in_hiragana
ja,now_only,おた,pass,loanword_in_hiragana
ja,now_only,おぷしょん,pass,loanword_in_hiragana
ja,now_only,おめが,pass,loanword_in_hiragana
ja,now_only,おらんだ,pass,loanword_in_hiragana
ja,now_only,おりっくす,pass,loanword_in_hiragana
ja,now_only,かうんせりんぐ,not_in_reference_dictionary,loanword_in_hiragana
ja,now_only,かうんと,pass,loanword_in_hiragana
ja,now_only,かうんとだうん,not_in_reference_dictionary,loanword_in_hiragana
ja,now_only,かじの,pass,loanword_in_hiragana
ja,now_only,かじゅある,not_in_reference_dictionary,loanword_in_hiragana
ja,now_only,かすたまいず,pass,loanword_in_hiragana
ja,now_only,かせっと,pass,loanword_in_hiragana
ja,now_only,かっぷりんぐ,not_in_reference_dictionary,loanword_in_hiragana
ja,now_only,かふぇいん,pass,loanword_in_hiragana
ja,now_only,からふる,pass,loanword_in_hiragana
ja,now_only,かりすま,pass,loanword_in_hiragana
ja,now_only,かると,pass,loanword_in_hiragana
ja,now_only,かんぼじあ,pass,loanword_in_hiragana
ja,now_only,がいど,pass,loanword_in_hiragana
ja,now_only,がいどらいん,not_in_reference_dictionary,loanword_in_hiragana
ja,now_only,がそりん,pass,loanword_in_hiragana
ja,now_only,がちゃ,pass,loanword_in_hiragana
ja,now_only,きっく,pass,loanword_in_hiragana
ja,now_only,きっず,pass,loanword_in_hiragana
ja,now_only,きっちん,pass,loanword_in_hiragana
ja,now_only,きっど,pass,loanword_in_hiragana
ja,now_only,きむち,pass,loanword_in_hiragana
ja,now_only,きゃっしゅ,not_in_reference_dictionary,loanword_in_hiragana
ja,now_only,きゃっち,not_in_reference_dictionary,loanword_in_hiragana
ja,now_only,きゃっぷ,pass,loanword_in_hiragana
ja,now_only,きゃば,not_in_reference_dictionary,loanword_in_hiragana
ja,now_only,きゃばくら,not_in_reference_dictionary,loanword_in_hiragana
ja,now_only,きゃぷてん,not_in_reference_dictionary,loanword_in_hiragana
ja,now_only,きゃんせる,not_in_reference_dictionary,loanword_in_hiragana
ja,now_only,ぎあ,not_in_reference_dictionary,loanword_in_hiragana
ja,now_only,ぎおうじせんは,not_in_reference_dictionary,fragment
ja,now_only,ぎかいとは,not_in_reference_dictionary,fragment
ja,now_only,ぎぎょこうは,not_in_reference_dictionary,fragment
ja,now_only,ぎけもんじょは,not_in_reference_dictionary,fragment
ja,now_only,ぎのまいは,pass,fragment
ja,now_only,ぎみっく,pass,loanword_in_hiragana
ja,now_only,ぎゃぐ,not_in_reference_dictionary,loanword_in_hiragana
ja,now_only,ぎゃんぐ,not_in_reference_dictionary,loanword_in_hiragana
ja,now_only,ぎやまこうえんは,not_in_reference_dictionary,fragment
ja,now_only,ぎるど,pass,loanword_in_hiragana
ja,now_only,くいず,pass,loanword_in_hiragana
ja,now_only,くえすと,pass,loanword_in_hiragana
ja,now_only,くおりてぃ,pass,loanword_in_hiragana
ja,now_only,くちこみ,pass,loanword_in_hiragana
ja,now_only,くらいまっくす,not_in_reference_dictionary,loanword_in_hiragana
ja,now_only,くらうん,pass,loanword_in_hiragana
ja,now_only,くらしっく,pass,loanword_in_hiragana
ja,now_only,くらふと,pass,loanword_in_hiragana
ja,now_only,くらぶ,pass,loanword_in_hiragana
ja,now_only,くりあ,pass,loanword_in_hiragana
ja,now_only,くりすたる,pass,loanword_in_hiragana
ja,now_only,くりっぷ,pass,loanword_in_hiragana
ja,now_only,くりにっく,pass,loanword_in_hiragana
ja,now_only,くろっく,pass,loanword_in_hiragana
ja,now_only,ぐつのきは,not_in_reference_dictionary,fragment
ja,now_only,ぐらうんど,pass,loanword_in_hiragana
ja,now_only,ぐらごせんせんは,not_in_reference_dictionary,fragment
ja,now_only,ぐらびあ,pass,loanword_in_hiragana
ja,now_only,ぐらふ,pass,loanword_in_hiragana
ja,now_only,ぐらんど,pass,loanword_in_hiragana
ja,now_only,ぐらんぷり,pass,loanword_in_hiragana
ja,now_only,ぐりごもんのへん,not_in_reference_dictionary,fragment
ja,now_only,ぐりっど,pass,loanword_in_hiragana
ja,now_only,ぐるめ,pass,loanword_in_hiragana
ja,now_only,ぐろ,pass,loanword_in_hiragana
ja,now_only,ぐろまつまるせん,not_in_reference_dictionary,fragment
ja,now_only,ぐんませんきょく,not_in_reference_dictionary,fragment
ja,now_only,けあ,not_in_reference_dictionary,loanword_in_hiragana
ja,now_only,げりら,pass,loanword_in_hiragana
ja,now_only,げる,pass,loanword_in_hiragana
ja,now_only,ここあ,pass,loanword_in_hiragana
ja,now_only,こね,pass,loanword_in_hiragana
ja,now_only,こまんど,pass,loanword_in_hiragana
ja,now_only,こみけ,pass,loanword_in_hiragana
ja,now_only,こみっくす,pass,loanword_in_hiragana
ja,now_only,こみゅ,pass,loanword_in_hiragana
ja,now_only,こめでぃ,pass,loanword_in_hiragana
ja,now_only,こらむ,pass,loanword_in_hiragana
ja,now_only,こりん,pass,loanword_in_hiragana
ja,now_only,ころっけ,pass,loanword_in_hiragana
ja,now_only,ころな,pass,loanword_in_hiragana
ja,now_only,ころん,pass,loanword_in_hiragana
ja,now_only,こんてすと,pass,loanword_in_hiragana
ja,now_only,こんてな,pass,loanword_in_hiragana
ja,now_only,こんび,pass,loanword_in_hiragana
ja,now_only,ごしっく,pass,loanword_in_hiragana
ja,now_only,ごっど,not_in_reference_dictionary,loanword_in_hiragana
ja,now_only,ごむ,pass,loanword_in_hiragana
ja,now_only,ごりら,not_in_reference_dictionary,loanword_in_hiragana
ja,now_only,さいえんす,pass,loanword_in_hiragana
ja,now_only,さいこぱす,pass,loanword_in_hiragana
ja,now_only,さうんど,not_in_reference_dictionary,loanword_in_hiragana
ja,now_only,さっくす,pass,loanword_in_hiragana
ja,now_only,さばいばる,pass,loanword_in_hiragana
ja,now_only,さぷり,not_in_reference_dictionary,loanword_in_hiragana
ja,now_only,さみっと,pass,loanword_in_hiragana
ja,now_only,さらだ,pass,loanword_in_hiragana
ja,now_only,さろん,pass,loanword_in_hiragana
ja,now_only,さんぐらす,pass,loanword_in_hiragana
ja,now_only,さんしゃいん,pass,loanword_in_hiragana
ja,now_only,さんた,pass,loanword_in_hiragana
ja,now_only,さんだる,pass,loanword_in_hiragana
ja,now_only,さんどいっち,not_in_reference_dictionary,loanword_in_hiragana
ja,now_only,ざいいちらんは,not_in_reference_dictionary,fragment
ja,now_only,ざいおうぶつは,not_in_reference_dictionary,fragment
ja,now_only,ざいようえきは,not_in_reference_dictionary,fragment
ja,now_only,ざかまちひらのは,not_in_reference_dictionary,fragment
ja,now_only,ざきみちえきは,not_in_reference_dictionary,fragment
ja,now_only,ざとえきは,not_in_reference_dictionary,fragment
ja,now_only,ざぶとんとは,not_in_reference_dictionary,fragment
ja,now_only,ざみきつねうどん,not_in_reference_dictionary,fragment
ja,now_only,ざわえきは,not_in_reference_dictionary,fragment
ja,now_only,ざわせんは,not_in_reference_dictionary,fragment
ja,now_only,ざわわだは,not_in_reference_dictionary,fragment
ja,now_only,しかご,pass,loanword_in_hiragana
ja,now_only,しぐなる,not_in_reference_dictionary,loanword_in_hiragana
ja,now_only,しにあ,pass,loanword_in_hiragana
ja,now_only,しべりあ,pass,loanword_in_hiragana
ja,now_only,しゃつ,not_in_reference_dictionary,loanword_in_hiragana
ja,now_only,しゃふと,not_in_reference_dictionary,loanword_in_hiragana
ja,now_only,しゃん,not_in_reference_dictionary,loanword_in_hiragana
ja,now_only,しゃんはい,pass,loanword_in_hiragana
ja,now_only,しゃんぱん,pass,loanword_in_hiragana
ja,now_only,しりあ,pass,loanword_in_hiragana
ja,now_only,しりあす,pass,loanword_in_hiragana
ja,now_only,しりある,pass,loanword_in_hiragana
ja,now_only,しるえっと,pass,loanword_in_hiragana
ja,now_only,しんぐる,pass,loanword_in_hiragana
ja,now_only,じゃず,not_in_reference_dictionary,loanword_in_hiragana
ja,now_only,じゃんく,not_in_reference_dictionary,loanword_in_hiragana
ja,now_only,じゃんぐる,not_in_reference_dictionary,loanword_in_hiragana
ja,now_only,じょなさん,not_in_reference_dictionary,loanword_in_hiragana
ja,now_only,じる,pass,loanword_in_hiragana
ja,now_only,すいす,pass,loanword_in_hiragana
ja,now_only,すかうと,pass,loanword_in_hiragana
ja,now_only,すきゃん,pass,loanword_in_hiragana
ja,now_only,すくえあ,pass,loanword_in_hiragana
ja,now_only,すくしょ,pass,loanword_in_hiragana
ja,now_only,すくらんぶる,not_in_reference_dictionary,loanword_in_hiragana
ja,now_only,すくりぷと,pass,loanword_in_hiragana
ja,now_only,すこっとらんど,pass,loanword_in_hiragana
ja,now_only,すたいりすと,not_in_reference_dictionary,loanword_in_hiragana
ja,now_only,すたじあむ,pass,loanword_in_hiragana
ja,now_only,すたば,pass,loanword_in_hiragana
ja,now_only,すたみな,pass,loanword_in_hiragana
ja,now_only,すためん,pass,loanword_in_hiragana
ja,now_only,すたんす,pass,loanword_in_hiragana
ja,now_only,すてっぷ,pass,loanword_in_hiragana
ja,now_only,すてれお,pass,loanword_in_hiragana
ja,now_only,すてんれす,pass,loanword_in_hiragana
ja,now_only,すとあ,pass,loanword_in_hiragana
ja,now_only,すとっぷ,pass,loanword_in_hiragana
ja,now_only,すとれす,pass,loanword_in_hiragana
ja,now_only,すなっく,pass,loanword_in_hiragana
ja,now_only,すぱ,pass,loanword_in_hiragana
ja,now_only,すぱいす,pass,loanword_in_hiragana
ja,now_only,すぴん,pass,loanword_in_hiragana
ja,now_only,すぷりんぐ,pass,loanword_in_hiragana
ja,now_only,すぺっく,pass,loanword_in_hiragana
ja,now_only,すぽ,pass,loanword_in_hiragana
ja,now_only,すまいる,pass,loanword_in_hiragana
ja,now_only,すりっぷ,pass,loanword_in_hiragana
ja,now_only,すりむ,pass,loanword_in_hiragana
ja,now_only,せかんど,pass,loanword_in_hiragana
ja,now_only,せくしょん,pass,loanword_in_hiragana
ja,now_only,せっしょん,pass,loanword_in_hiragana
ja,now_only,せらぴすと,pass,loanword_in_hiragana
ja,now_only,せるふ,pass,loanword_in_hiragana
ja,now_only,せれくと,pass,loanword_in_hiragana
ja,now_only,せんとらる,pass,loanword_in_hiragana
ja,now_only,ぜうす,not_in_reference_dictionary,loanword_in_hiragana
ja,now_only,ぜみ,pass,loanword_in_hiragana
ja,now_only,ぜろ,pass,loanword_in_hiragana
ja,now_only,そしゃげ,pass,loanword_in_hiragana
ja,now_only,そっくす,pass,loanword_in_hiragana
ja,now_only,そふぃあ,pass,loanword_in_hiragana
ja,now_only,そんぐ,pass,loanword_in_hiragana
ja,now_only,たいつ,pass,loanword_in_hiragana
ja,now_only,たいみんぐ,pass,loanword_in_hiragana
ja,now_only,たっくる,pass,loanword_in_hiragana
ja,now_only,たっぐ,pass,loanword_in_hiragana
ja,now_only,たっぷ,pass,loanword_in_hiragana
ja,now_only,たぶれっと,pass,loanword_in_hiragana
ja,now_only,だいやもんど,not_in_reference_dictionary,loanword_in_hiragana
ja,now_only,だいれくと,pass,loanword_in_hiragana
ja,now_only,だむ,pass,loanword_in_hiragana
ja,now_only,だんす,not_in_reference_dictionary,loanword_in_hiragana
ja,now_only,ちべっと,pass,loanword_in_hiragana
ja,now_only,ちゃいな,not_in_reference_dictionary,loanword_in_hiragana
ja,now_only,ちゃお,pass,loanword_in_hiragana
ja,now_only,ちゃんす,not_in_reference_dictionary,loanword_in_hiragana
ja,now_only,ちゃんぴおん,not_in_reference_dictionary,loanword_in_hiragana
ja,now_only,ちょいす,not_in_reference_dictionary,loanword_in_hiragana
ja,now_only,ついん,pass,loanword_in_hiragana
ja,now_only,つも,pass,loanword_in_hiragana
ja,now_only,づちじんじゃは,not_in_reference_dictionary,fragment
ja,now_only,づなどひょういり,not_in_reference_dictionary,fragment
ja,now_only,づななだるは,not_in_reference_dictionary,fragment
ja,now_only,づなりきしひは,not_in_reference_dictionary,fragment
ja,now_only,づのはんそうは,not_in_reference_dictionary,fragment
ja,now_only,づまかいづかは,not_in_reference_dictionary,fragment
ja,now_only,てきさす,pass,loanword_in_hiragana
ja,now_only,てくにっく,not_in_reference_dictionary,loanword_in_hiragana
ja,now_only,てっく,pass,loanword_in_hiragana
ja,now_only,てれび,pass,loanword_in_hiragana
ja,now_only,てろ,pass,loanword_in_hiragana
ja,now_only,てろりすと,pass,loanword_in_hiragana
ja,now_only,てんしょん,pass,loanword_in_hiragana
ja,now_only,でじたる,pass,loanword_in_hiragana
ja,now_only,ですく,pass,loanword_in_hiragana
ja,now_only,でばいす,pass,loanword_in_hiragana
ja,now_only,でふぉると,pass,loanword_in_hiragana
ja,now_only,でま,pass,loanword_in_hiragana
ja,now_only,でらっくす,pass,loanword_in_hiragana
ja,now_only,でりへる,pass,loanword_in_hiragana
ja,now_only,でるた,pass,loanword_in_hiragana
ja,now_only,とっぷくらす,not_in_reference_dictionary,loanword_in_hiragana
ja,now_only,とよた,pass,loanword_in_hiragana
ja,now_only,とらいある,pass,loanword_in_hiragana
ja,now_only,とらうま,pass,loanword_in_hiragana
ja,now_only,とらっく,pass,loanword_in_hiragana
ja,now_only,とらんく,pass,loanword_in_hiragana
ja,now_only,とりお,pass,loanword_in_hiragana
ja,now_only,とりぷる,pass,loanword_in_hiragana
ja,now_only,とるこ,pass,loanword_in_hiragana
ja,now_only,どめいん,pass,loanword_in_hiragana
ja,now_only,どらくえ,pass,loanword_in_hiragana
ja,now_only,どらごん,pass,loanword_in_hiragana
ja,now_only,どらっぐ,pass,loanword_in_hiragana
ja,now_only,どらふと,pass,loanword_in_hiragana
ja,now_only,どらむ,pass,loanword_in_hiragana
ja,now_only,どりんく,pass,loanword_in_hiragana
ja,now_only,どろっぷ,pass,loanword_in_hiragana
ja,now_only,ないす,pass,loanword_in_hiragana
ja,now_only,ないん,pass,loanword_in_hiragana
ja,now_only,なしょなる,pass,loanword_in_hiragana
ja,now_only,なち,pass,loanword_in_hiragana
ja,now_only,なちす,pass,loanword_in_hiragana
ja,now_only,なちゅらる,pass,loanword_in_hiragana
ja,now_only,なっつ,pass,loanword_in_hiragana
ja,now_only,にす,pass,loanword_in_hiragana
ja,now_only,にっく,pass,loanword_in_hiragana
ja,now_only,にゅあんす,not_in_reference_dictionary,loanword_in_hiragana
ja,now_only,ねいてぃぶ,pass,loanword_in_hiragana
ja,now_only,のっく,pass,loanword_in_hiragana
ja,now_only,のるま,pass,loanword_in_hiragana
ja,now_only,はいてく,pass,loanword_in_hiragana
ja,now_only,はっきんぐ,pass,loanword_in_hiragana
ja,now_only,はっしゅ,pass,loanword_in_hiragana
ja,now_only,はどそん,pass,loanword_in_hiragana
ja,now_only,はりうっど,pass,loanword_in_hiragana
ja,now_only,はろうぃん,pass,loanword_in_hiragana
ja,now_only,はんど,pass,loanword_in_hiragana
ja,now_only,はんどる,pass,loanword_in_hiragana
ja,now_only,ばいお,pass,loanword_in_hiragana
ja,now_only,ばいきんぐ,pass,loanword_in_hiragana
ja,now_only,ばすけ,pass,loanword_in_hiragana
ja,now_only,ばすけっと,pass,loanword_in_hiragana
ja,now_only,ばすと,pass,loanword_in_hiragana
ja,now_only,ばっく,pass,loanword_in_hiragana
ja,now_only,ばっくあっぷ,not_in_reference_dictionary,loanword_in_hiragana
ja,now_only,ばっじ,pass,loanword_in_hiragana
ja,now_only,ばっとまん,pass,loanword_in_hiragana
ja,now_only,ばどみんとん,not_in_reference_dictionary,loanword_in_hiragana
ja,now_only,ばなな,pass,loanword_in_hiragana
ja,now_only,ばにら,pass,loanword_in_hiragana
ja,now_only,ばぶる,not_in_reference_dictionary,loanword_in_hiragana
ja,now_only,ばらえてぃ,pass,loanword_in_hiragana
ja,now_only,ばるせろな,pass,loanword_in_hiragana
ja,now_only,ばるぶ,pass,loanword_in_hiragana
ja,now_only,ぱいぱん,pass,loanword_in_hiragana
ja,now_only,ぱいぷ,not_in_reference_dictionary,loanword_in_hiragana
ja,now_only,ぱじゃま,not_in_reference_dictionary,loanword_in_hiragana
ja,now_only,ぱすた,not_in_reference_dictionary,loanword_in_hiragana
ja,now_only,ぱずる,not_in_reference_dictionary,loanword_in_hiragana
ja,now_only,ぱそこん,not_in_reference_dictionary,loanword_in_hiragana
ja,now_only,ぱちすろ,pass,loanword_in_hiragana
ja,now_only,ぱっど,pass,loanword_in_hiragana
ja,now_only,ぱねる,pass,loanword_in_hiragana
ja,now_only,ぱぶ,not_in_reference_dictionary,loanword_in_hiragana
ja,now_only,ぱらだいす,pass,loanword_in_hiragana
ja,now_only,ぱらりんぴっく,not_in_reference_dictionary,loanword_in_hiragana
ja,now_only,ぱろでぃ,pass,loanword_in_hiragana
ja,now_only,ぱんじんによる,not_in_reference_dictionary,fragment
ja,now_only,ぱんち,pass,loanword_in_hiragana
ja,now_only,ぱんちら,pass,loanword_in_hiragana
ja,now_only,ぱんつ,pass,loanword_in_hiragana
ja,now_only,ぱんてぃ,pass,loanword_in_hiragana
ja,now_only,ぱんふれっと,not_in_reference_dictionary,loanword_in_hiragana
ja,now_only,ひんと,pass,loanword_in_hiragana
ja,now_only,びきに,pass,loanword_in_hiragana
ja,now_only,びざ,not_in_reference_dictionary,loanword_in_hiragana
ja,now_only,びじねす,not_in_reference_dictionary,loanword_in_hiragana
ja,now_only,びじゅつかんは,not_in_reference_dictionary,fragment
ja,now_only,びじゅつかんまえ,not_in_reference_dictionary,fragment
ja,now_only,びじょん,not_in_reference_dictionary,loanword_in_hiragana
ja,now_only,びたみん,not_in_reference_dictionary,loanword_in_hiragana
ja,now_only,びっち,not_in_reference_dictionary,loanword_in_hiragana
ja,now_only,びでお,not_in_reference_dictionary,loanword_in_hiragana
ja,now_only,びひろむらは,not_in_reference_dictionary,fragment
ja,now_only,びゃくりろこんと,not_in_reference_dictionary,fragment
ja,now_only,ぴあす,not_in_reference_dictionary,loanword_in_hiragana
ja,now_only,ぴえろ,not_in_reference_dictionary,loanword_in_hiragana
ja,now_only,ぴか,not_in_reference_dictionary,loanword_in_hiragana
ja,now_only,ぴかちゅう,not_in_reference_dictionary,loanword_in_hiragana
ja,now_only,ぴすとん,not_in_reference_dictionary,loanword_in_hiragana
ja,now_only,ぴっち,not_in_reference_dictionary,loanword_in_hiragana
ja,now_only,ぴっと,not_in_reference_dictionary,loanword_in_hiragana
ja,now_only,ぴゅあ,not_in_reference_dictionary,loanword_in_hiragana
ja,now_only,ぴらみっど,not_in_reference_dictionary,loanword_in_hiragana
ja,now_only,ふぃりぴん,pass,loanword_in_hiragana
ja,now_only,ふら,pass,loanword_in_hiragana
ja,now_only,ふらい,pass,loanword_in_hiragana
ja,now_only,ふらいぱん,pass,loanword_in_hiragana
ja,now_only,ふらっしゅ,pass,loanword_in_hiragana
ja,now_only,ふらんく,pass,loanword_in_hiragana
ja,now_only,ふれあ,pass,loanword_in_hiragana
ja,now_only,ふれっしゅ,pass,loanword_in_hiragana
ja,now_only,ふれんず,pass,loanword_in_hiragana
ja,now_only,ふれんち,pass,loanword_in_hiragana
ja,now_only,ぶら,pass,loanword_in_hiragana
ja,now_only,ぶらうざ,pass,loanword_in_hiragana
ja,now_only,ぶらうん,pass,loanword_in_hiragana
ja,now_only,ぶらし,pass,loanword_in_hiragana
ja,now_only,ぶらんど,pass,loanword_in_hiragana
ja,now_only,ぶれすれっと,not_in_reference_dictionary,loanword_in_hiragana
ja,now_only,ぶろっく,pass,loanword_in_hiragana
ja,now_only,ぷち,not_in_reference_dictionary,loanword_in_hiragana
ja,now_only,ぷっしゅ,not_in_reference_dictionary,loanword_in_hiragana
ja,now_only,ぷないえきは,not_in_reference_dictionary,fragment
ja,now_only,ぷらいす,not_in_reference_dictionary,loanword_in_hiragana
ja,now_only,ぷらすちっく,not_in_reference_dictionary,loanword_in_hiragana
ja,now_only,ぷらちな,not_in_reference_dictionary,loanword_in_hiragana
ja,now_only,ぷらんと,not_in_reference_dictionary,loanword_in_hiragana
ja,now_only,ぷりん,not_in_reference_dictionary,loanword_in_hiragana
ja,now_only,ぷりんせす,not_in_reference_dictionary,loanword_in_hiragana
ja,now_only,ぷりんた,not_in_reference_dictionary,loanword_in_hiragana
ja,now_only,ぷりんと,not_in_reference_dictionary,loanword_in_hiragana
ja,now_only,ぷれす,not_in_reference_dictionary,loanword_in_hiragana
ja,now_only,ぷれぜん,not_in_reference_dictionary,loanword_in_hiragana
ja,now_only,ぷれみあ,not_in_reference_dictionary,loanword_in_hiragana
ja,now_only,ぷろぐらみんぐ,not_in_reference_dictionary,loanword_in_hiragana
ja,now_only,ぷろぐらむ,not_in_reference_dictionary,loanword_in_hiragana
ja,now_only,ぷろせす,not_in_reference_dictionary,loanword_in_hiragana
ja,now_only,ぷろだくしょん,not_in_reference_dictionary,loanword_in_hiragana
ja,now_only,ぷろていん,not_in_reference_dictionary,loanword_in_hiragana
ja,now_only,ぷろとこる,not_in_reference_dictionary,loanword_in_hiragana
ja,now_only,ぷろれす,not_in_reference_dictionary,loanword_in_hiragana
ja,now_only,へあ,not_in_reference_dictionary,loanword_in_hiragana
ja,now_only,へっどほん,pass,loanword_in_hiragana
ja,now_only,へるめっと,pass,loanword_in_hiragana
ja,now_only,べあ,not_in_reference_dictionary,loanword_in_hiragana
ja,now_only,べくとる,pass,loanword_in_hiragana
ja,now_only,べすと,pass,loanword_in_hiragana
ja,now_only,べっど,not_in_reference_dictionary,loanword_in_hiragana
ja,now_only,べらんだ,not_in_reference_dictionary,loanword_in_hiragana
ja,now_only,べるりん,pass,loanword_in_hiragana
ja,now_only,ぺい,pass,loanword_in_hiragana
ja,now_only,ぺいんと,not_in_reference_dictionary,loanword_in_hiragana
ja,now_only,ぺだる,not_in_reference_dictionary,loanword_in_hiragana
ja,now_only,ぺらくらぶは,not_in_reference_dictionary,fragment
ja,now_only,ほすと,pass,loanword_in_hiragana
ja,now_only,ほっぷ,pass,loanword_in_hiragana
ja,now_only,ほるもん,pass,loanword_in_hiragana
ja,now_only,ほんだ,pass,loanword_in_hiragana
ja,now_only,ぼいす,not_in_reference_dictionary,loanword_in_hiragana
ja,now_only,ぼかろ,pass,loanword_in_hiragana
ja,now_only,ぼす,pass,loanword_in_hiragana
ja,now_only,ぼすとん,pass,loanword_in_hiragana
ja,now_only,ぼとる,not_in_reference_dictionary,loanword_in_hiragana
ja,now_only,ぼると,pass,loanword_in_hiragana
ja,now_only,ぽっぷ,not_in_reference_dictionary,loanword_in_hiragana
ja,now_only,ぽてんしゃる,not_in_reference_dictionary,loanword_in_hiragana
ja,now_only,ぽりす,not_in_reference_dictionary,loanword_in_hiragana
ja,now_only,ぽるとがる,pass,loanword_in_hiragana
ja,now_only,ぽるの,not_in_reference_dictionary,loanword_in_hiragana
ja,now_only,ぽんど,pass,loanword_in_hiragana
ja,now_only,ぽんぷ,not_in_reference_dictionary,loanword_in_hiragana
ja,now_only,まいくろそふと,not_in_reference_dictionary,loanword_in_hiragana
ja,now_only,まいん,pass,loanword_in_hiragana
ja,now_only,まいんど,pass,loanword_in_hiragana
ja,now_only,まうす,pass,loanword_in_hiragana
ja,now_only,まうんてん,pass,loanword_in_hiragana
ja,now_only,まがじん,pass,loanword_in_hiragana
ja,now_only,まくろ,pass,loanword_in_hiragana
ja,now_only,まじっく,pass,loanword_in_hiragana
ja,now_only,まっく,pass,loanword_in_hiragana
ja,now_only,まっくす,pass,loanword_in_hiragana
ja,now_only,まっちんぐ,pass,loanword_in_hiragana
ja,now_only,まっと,pass,loanword_in_hiragana
ja,now_only,まつだ,pass,loanword_in_hiragana
ja,now_only,まて,pass,loanword_in_hiragana
ja,now_only,まにあ,pass,loanword_in_hiragana
ja,now_only,まにあっく,pass,loanword_in_hiragana
ja,now_only,まにゅある,pass,loanword_in_hiragana
ja,now_only,まらそん,pass,loanword_in_hiragana
ja,now_only,まりあ,pass,loanword_in_hiragana
ja,now_only,まんはったん,not_in_reference_dictionary,loanword_in_hiragana
ja,now_only,みさ,pass,loanword_in_hiragana
ja,now_only,みねらる,pass,loanword_in_hiragana
ja,now_only,みらくる,pass,loanword_in_hiragana
ja,now_only,みり,pass,loanword_in_hiragana
ja,now_only,みりおん,pass,loanword_in_hiragana
ja,now_only,みんと,pass,loanword_in_hiragana
ja,now_only,むなかたせんは,not_in_reference_dictionary,fragment
ja,now_only,むばかりではなく,not_in_reference_dictionary,fragment
ja,now_only,むむとめんめんと,not_in_reference_dictionary,fragment
ja,now_only,めかにずむ,not_in_reference_dictionary,loanword_in_hiragana
ja,now_only,めそっど,pass,loanword_in_hiragana
ja,now_only,めたる,not_in_reference_dictionary,loanword_in_hiragana
ja,now_only,めだる,pass,loanword_in_hiragana
ja,now_only,めるかり,pass,loanword_in_hiragana
ja,now_only,めんて,pass,loanword_in_hiragana
ja,now_only,めんてなんす,not_in_reference_dictionary,loanword_in_hiragana
ja,now_only,めんへら,pass,loanword_in_hiragana
ja,now_only,もにた,pass,loanword_in_hiragana
ja,now_only,ものくろ,pass,loanword_in_hiragana
ja,now_only,もんごる,pass,loanword_in_hiragana
ja,now_only,やふおく,not_in_reference_dictionary,loanword_in_hiragana
ja,now_only,やまは,pass,loanword_in_hiragana
ja,now_only,らいせんす,not_in_reference_dictionary,loanword_in_hiragana
ja,now_only,らいぶはうす,not_in_reference_dictionary,loanword_in_hiragana
ja,now_only,らいぶらり,not_in_reference_dictionary,loanword_in_hiragana
ja,now_only,らいんなっぷ,not_in_reference_dictionary,loanword_in_hiragana
ja,now_only,らうんじ,not_in_reference_dictionary,loanword_in_hiragana
ja,now_only,らうんど,not_in_reference_dictionary,loanword_in_hiragana
ja,now_only,らお,pass,loanword_in_hiragana
ja,now_only,らじお,not_in_reference_dictionary,loanword_in_hiragana
ja,now_only,らっしゅ,pass,loanword_in_hiragana
ja,now_only,らっせる,pass,loanword_in_hiragana
ja,now_only,らのべ,not_in_reference_dictionary,loanword_in_hiragana
ja,now_only,らぶほ,not_in_reference_dictionary,loanword_in_hiragana
ja,now_only,らべる,not_in_reference_dictionary,loanword_in_hiragana
ja,now_only,らんだむ,not_in_reference_dictionary,loanword_in_hiragana
ja,now_only,らんぷ,not_in_reference_dictionary,loanword_in_hiragana
ja,now_only,りあくしょん,not_in_reference_dictionary,loanword_in_hiragana
ja,now_only,りある,not_in_reference_dictionary,loanword_in_hiragana
ja,now_only,りくえすと,not_in_reference_dictionary,loanword_in_hiragana
ja,now_only,りさいくる,pass,loanword_in_hiragana
ja,now_only,りすと,pass,loanword_in_hiragana
ja,now_only,りせっと,pass,loanword_in_hiragana
ja,now_only,りばうんど,not_in_reference_dictionary,loanword_in_hiragana
ja,now_only,りふと,not_in_reference_dictionary,loanword_in_hiragana
ja,now_only,りぼん,not_in_reference_dictionary,loanword_in_hiragana
ja,now_only,りま,not_in_reference_dictionary,loanword_in_hiragana
ja,now_only,りらっくす,not_in_reference_dictionary,loanword_in_hiragana
ja,now_only,れいあうと,not_in_reference_dictionary,loanword_in_hiragana
ja,now_only,れじ,not_in_reference_dictionary,loanword_in_hiragana
ja,now_only,れすりんぐ,not_in_reference_dictionary,loanword_in_hiragana
ja,now_only,れっすん,pass,loanword_in_hiragana
ja,now_only,れっと,not_in_reference_dictionary,loanword_in_hiragana
ja,now_only,れふ,not_in_reference_dictionary,loanword_in_hiragana
ja,now_only,れもん,pass,loanword_in_hiragana
ja,now_only,れんず,not_in_reference_dictionary,loanword_in_hiragana
ja,now_only,ろぐ,not_in_reference_dictionary,loanword_in_hiragana
ja,now_only,ろけ,not_in_reference_dictionary,loanword_in_hiragana
ja,now_only,ろけっと,not_in_reference_dictionary,loanword_in_hiragana
ja,now_only,ろさんぜるす,not_in_reference_dictionary,loanword_in_hiragana
ja,now_only,ろって,not_in_reference_dictionary,loanword_in_hiragana
ja,now_only,ろっど,not_in_reference_dictionary,loanword_in_hiragana
ja,now_only,ろびん,not_in_reference_dictionary,loanword_in_hiragana
ja,now_only,ろふと,not_in_reference_dictionary,loanword_in_hiragana
ja,now_only,ろぼっと,not_in_reference_dictionary,loanword_in_hiragana
ja,now_only,ろまんす,not_in_reference_dictionary,loanword_in_hiragana
ja,now_only,ろまんちっく,not_in_reference_dictionary,loanword_in_hiragana
ja,now_only,ろりこん,not_in_reference_dictionary,loanword_in_hiragana
ja,now_only,わくちん,pass,loanword_in_hiragana
ja,now_only,わんまん,pass,loanword_in_hiragana
fil,evidence_only,also,wrong_language_english,pass
fil,evidence_only,anime,wrong_language_english,pass
fil,evidence_only,aw,wrong_language_english,pass
fil,evidence_only,dae,abbreviation_or_noise,pass
fil,evidence_only,dai,abbreviation_or_noise,pass
fil,evidence_only,direction,wrong_language_english,pass
fil,evidence_only,dna,abbreviation_or_noise,pass
fil,evidence_only,edit,wrong_language_english,pass
fil,evidence_only,filipino,proper_noun,pass
fil,evidence_only,ios,abbreviation_or_noise,pass
fil,evidence_only,kano,proper_noun,pass
fil,evidence_only,kmi,abbreviation_or_noise,pass
fil,evidence_only,laptop,wrong_language_english,pass
fil,evidence_only,lodi,proper_noun,pass
fil,evidence_only,mai,proper_noun,pass
fil,evidence_only,manga,wrong_language_english,pass
fil,evidence_only,nay,abbreviation_or_noise,pass
fil,evidence_only,par,wrong_language_english,pass
fil,evidence_only,pokemon,proper_noun,pass
fil,evidence_only,pres,wrong_language_english,not_in_reference_dictionary
fil,evidence_only,print,wrong_language_english,pass
fil,evidence_only,pu,proper_noun,pass
fil,evidence_only,rating,wrong_language_english,pass
fil,evidence_only,reference,wrong_language_english,pass
fil,evidence_only,ron,proper_noun,pass
fil,evidence_only,se,proper_noun,pass
fil,evidence_only,sim,wrong_language_english,pass
fil,evidence_only,stella,proper_noun,pass
fil,evidence_only,sunday,proper_noun,pass
fil,evidence_only,ta,wrong_language_english,pass
fil,evidence_only,tara,proper_noun,pass
fil,evidence_only,tas,abbreviation_or_noise,pass
fil,evidence_only,tau,abbreviation_or_noise,pass
fil,evidence_only,te,proper_noun,pass
fil,evidence_only,texas,proper_noun,pass
fil,evidence_only,tol,abbreviation_or_noise,pass
fil,evidence_only,urban,wrong_language_english,pass
fil,evidence_only,uy,abbreviation_or_noise,pass
fil,evidence_only,video,wrong_language_english,pass
fil,evidence_only,virus,wrong_language_english,pass
fil,evidence_only,washington,proper_noun,pass
fil,evidence_only,wla,abbreviation_or_noise,pass
fil,now_only,abril,pass,proper_noun
fil,now_only,agosto,pass,proper_noun
fil,now_only,alemanya,pass,proper_noun
fil,now_only,aprika,pass,proper_noun
fil,now_only,arena,pass,wrong_language_english
fil,now_only,artist,pass,wrong_language_english
fil,now_only,asean,not_in_reference_dictionary,wrong_language_other
fil,now_only,ayunan,pass,wrong_language_other
fil,now_only,barbie,not_in_reference_dictionary,wrong_language_english
fil,now_only,baño,not_in_reference_dictionary,wrong_language_other
fil,now_only,benigno,not_in_reference_dictionary,proper_noun
fil,now_only,bibliya,pass,proper_noun
fil,now_only,britanya,pass,proper_noun
fil,now_only,comelec,not_in_reference_dictionary,proper_noun
fil,now_only,corazon,not_in_reference_dictionary,proper_noun
fil,now_only,covid,not_in_reference_dictionary,wrong_language_other
fil,now_only,dantes,not_in_reference_dictionary,wrong_language_other
fil,now_only,diana,pass,proper_noun
fil,now_only,diaz,not_in_reference_dictionary,proper_noun
fil,now_only,dina,pass,proper_noun
fil,now_only,diploma,pass,wrong_language_english
fil,now_only,disyembre,pass,proper_noun
fil,now_only,doña,not_in_reference_dictionary,wrong_language_other
fil,now_only,duet,not_in_reference_dictionary,wrong_language_english
fil,now_only,dumami,pass,wrong_language_other
fil,now_only,editor,pass,wrong_language_english
fil,now_only,ehipto,pass,proper_noun
fil,now_only,elektron,not_in_reference_dictionary,wrong_language_other
fil,now_only,enero,pass,proper_noun
fil,now_only,enrile,not_in_reference_dictionary,proper_noun
fil,now_only,espanya,pass,proper_noun
fil,now_only,españa,not_in_reference_dictionary,proper_noun
fil,now_only,español,not_in_reference_dictionary,wrong_language_other
fil,now_only,estados,not_in_reference_dictionary,wrong_language_other
fil,now_only,europa,pass,proper_noun
fil,now_only,fiesta,not_in_reference_dictionary,wrong_language_other
fil,now_only,florante,not_in_reference_dictionary,wrong_language_other
fil,now_only,genesis,not_in_reference_dictionary,wrong_language_english
fil,now_only,ginebra,not_in_reference_dictionary,wrong_language_other
fil,now_only,gonzaga,not_in_reference_dictionary,proper_noun
fil,now_only,hehehehe,not_in_reference_dictionary,abbreviation_or_noise
fil,now_only,hepatitis,not_in_reference_dictionary,wrong_language_english
fil,now_only,hesukristo,not_in_reference_dictionary,proper_noun
fil,now_only,hulyo,pass,proper_noun
fil,now_only,hunyo,pass,proper_noun
fil,now_only,ibarra,not_in_reference_dictionary,proper_noun
fil,now_only,ika-apat,pass,wrong_language_other
fil,now_only,indya,not_in_reference_dictionary,proper_noun
fil,now_only,isang,linker_attached_form,proper_noun
fil,now_only,jeremias,not_in_reference_dictionary,wrong_language_other
fil,now_only,jolo,not_in_reference_dictionary,proper_noun
fil,now_only,kampo,pass,wrong_language_other
fil,now_only,kampus,pass,wrong_language_other
fil,now_only,kani-kanilang,not_in_reference_dictionary,wrong_language_other
fil,now_only,kauna-unahang,not_in_reference_dictionary,wrong_language_other
fil,now_only,kit,pass,wrong_language_english
fil,now_only,kris,pass,proper_noun
fil,now_only,laboratory,pass,wrong_language_english
fil,now_only,laguna,pass,proper_noun
fil,now_only,legazpi,not_in_reference_dictionary,proper_noun
fil,now_only,lino,not_in_reference_dictionary,wrong_language_other
fil,now_only,macapagal,not_in_reference_dictionary,proper_noun
fil,now_only,magasin,pass,wrong_language_other
fil,now_only,mail,pass,wrong_language_english
fil,now_only,maja,not_in_reference_dictionary,wrong_language_other
fil,now_only,malolos,not_in_reference_dictionary,proper_noun
fil,now_only,manny,not_in_reference_dictionary,proper_noun
fil,now_only,marawi,not_in_reference_dictionary,proper_noun
fil,now_only,maria,not_in_reference_dictionary,proper_noun
fil,now_only,mask,pass,wrong_language_english
fil,now_only,maynila,pass,proper_noun
fil,now_only,media,pass,wrong_language_english
fil,now_only,metabolismo,not_in_reference_dictionary,wrong_language_other
fil,now_only,metropolitan,pass,wrong_language_english
fil,now_only,million,pass,wrong_language_english
fil,now_only,mineral,pass,wrong_language_english
fil,now_only,minimum,pass,wrong_language_english
fil,now_only,model,pass,wrong_language_english
fil,now_only,monte,pass,proper_noun
fil,now_only,nag-aalok,not_in_reference_dictionary,wrong_language_other
fil,now_only,niño,not_in_reference_dictionary,wrong_language_other
fil,now_only,nobyembre,pass,proper_noun
fil,now_only,oktubre,pass,proper_noun
fil,now_only,pag-aalsa,not_in_reference_dictionary,wrong_language_other
fil,now_only,pag-aari,not_in_reference_dictionary,wrong_language_other
fil,now_only,pag-aasal,not_in_reference_dictionary,wrong_language_other
fil,now_only,pag-alis,pass,wrong_language_other
fil,now_only,pag-arte,pass,wrong_language_other
fil,now_only,pag-atake,pass,wrong_language_other
fil,now_only,pag-awit,pass,wrong_language_other
fil,now_only,pag-iisip,not_in_reference_dictionary,wrong_language_other
fil,now_only,pag-ikot,pass,wrong_language_other
fil,now_only,pag-iral,pass,wrong_language_other
fil,now_only,pag-ulan,pass,wrong_language_other
fil,now_only,pag-uugali,not_in_reference_dictionary,wrong_language_other
fil,now_only,pagasa,pass,proper_noun
fil,now_only,palawan,not_in_reference_dictionary,proper_noun
fil,now_only,pampanga,not_in_reference_dictionary,proper_noun
fil,now_only,pang-agham,not_in_reference_dictionary,wrong_language_other
fil,now_only,pang-araw-araw,not_in_reference_dictionary,wrong_language_other
fil,now_only,pang-ekonomiya,not_in_reference_dictionary,wrong_language_other
fil,now_only,panty,not_in_reference_dictionary,wrong_language_other
fil,now_only,parañaque,not_in_reference_dictionary,proper_noun
fil,now_only,partikular,pass,wrong_language_other
fil,now_only,pasay,not_in_reference_dictionary,proper_noun
fil,now_only,patrol,pass,wrong_language_english
fil,now_only,paulit-ulit,pass,wrong_language_other
fil,now_only,pebrero,pass,proper_noun
fil,now_only,personalidad,pass,wrong_language_other
fil,now_only,pilipinas,pass,proper_noun
fil,now_only,pina,not_in_reference_dictionary,wrong_language_other
fil,now_only,pinagsama,not_in_reference_dictionary,proper_noun
fil,now_only,pinili,pass,proper_noun
fil,now_only,pokus,pass,wrong_language_other
fil,now_only,radio,pass,wrong_language_english
fil,now_only,rally,pass,wrong_language_english
fil,now_only,recto,not_in_reference_dictionary,proper_noun
fil,now_only,regal,not_in_reference_dictionary,wrong_language_english
fil,now_only,roque,not_in_reference_dictionary,wrong_language_other
fil,now_only,round,pass,wrong_language_english
fil,now_only,roxas,not_in_reference_dictionary,proper_noun
fil,now_only,rural,pass,wrong_language_english
fil,now_only,rusya,pass,proper_noun
fil,now_only,satanas,pass,proper_noun
fil,now_only,sektor,pass,wrong_language_other
fil,now_only,senso,pass,wrong_language_other
fil,now_only,setyembre,not_in_reference_dictionary,proper_noun
fil,now_only,signal,pass,wrong_language_english
fil,now_only,sorsogon,not_in_reference_dictionary,proper_noun
fil,now_only,su,pass,wrong_language_other
fil,now_only,sulu,not_in_reference_dictionary,proper_noun
fil,now_only,sumira,pass,wrong_language_other
fil,now_only,tandem,not_in_reference_dictionary,wrong_language_english
fil,now_only,tangere,not_in_reference_dictionary,wrong_language_other
fil,now_only,target,pass,wrong_language_english
fil,now_only,television,pass,wrong_language_english
fil,now_only,timoteo,not_in_reference_dictionary,proper_noun
fil,now_only,tolentino,not_in_reference_dictionary,proper_noun
fil,now_only,translation,pass,wrong_language_english
fil,now_only,transport,pass,wrong_language_english
fil,now_only,tumulo,pass,wrong_language_other
fil,now_only,unidos,not_in_reference_dictionary,wrong_language_other
fil,now_only,union,pass,wrong_language_english
fil,now_only,urbano,not_in_reference_dictionary,wrong_language_other
fil,now_only,villar,not_in_reference_dictionary,proper_noun
ru,evidence_only,кира,wrong_language_other,not_in_reference_dictionary
ru,evidence_only,кристи,wrong_language_other,not_in_reference_dictionary
ru,evidence_only,ланч,wrong_language_other,not_in_reference_dictionary
ru,evidence_only,морозова,wrong_language_other,not_in_reference_dictionary
ru,evidence_only,окей,wrong_language_other,not_in_reference_dictionary
ru,evidence_only,раде,wrong_language_other,not_in_reference_dictionary
ru,evidence_only,рогозин,wrong_language_other,not_in_reference_dictionary
ru,evidence_only,стрит,wrong_language_other,not_in_reference_dictionary
ar,evidence_only,بذرة,attached_conjunction_or_preposition,pass
ar,evidence_only,بطريق,attached_conjunction_or_preposition,pass
ar,evidence_only,فذلك,attached_conjunction_or_preposition,pass
ar,evidence_only,فعالية,attached_conjunction_or_preposition,pass
ar,evidence_only,فعلي,attached_conjunction_or_preposition,pass
ar,evidence_only,كاليفورنيا,attached_conjunction_or_preposition,pass
ar,evidence_only,لسان,attached_conjunction_or_preposition,pass
ar,evidence_only,لقمة,attached_conjunction_or_preposition,pass
ar,evidence_only,للاجئين,attached_conjunction_or_preposition,pass
ar,evidence_only,لمحاربة,attached_conjunction_or_preposition,pass
ar,evidence_only,والدته,attached_conjunction_or_preposition,pass
ar,evidence_only,والدتها,attached_conjunction_or_preposition,pass
ar,evidence_only,وترتفع,attached_conjunction_or_preposition,pass
ar,evidence_only,وصلة,attached_conjunction_or_preposition,pass
ar,evidence_only,ولدي,attached_conjunction_or_preposition,pass
ar,evidence_only,ومساحتها,attached_conjunction_or_preposition,pass
ar,evidence_only,وهكذا,attached_conjunction_or_preposition,pass
ar,now_only,بأس,pass,attached_conjunction_or_preposition
ar,now_only,باستمرار,pass,attached_conjunction_or_preposition
ar,now_only,بجدية,pass,attached_conjunction_or_preposition
ar,now_only,بجوار,pass,attached_conjunction_or_preposition
ar,now_only,بحب,pass,attached_conjunction_or_preposition
ar,now_only,بحد,pass,attached_conjunction_or_preposition
ar,now_only,بحل,pass,attached_conjunction_or_preposition
ar,now_only,برعاية,pass,attached_conjunction_or_preposition
ar,now_only,بطريقة,pass,attached_conjunction_or_preposition
ar,now_only,بقدر,pass,attached_conjunction_or_preposition
ar,now_only,بقصد,pass,attached_conjunction_or_preposition
ar,now_only,بقيادة,pass,attached_conjunction_or_preposition
ar,now_only,بكم,pass,attached_conjunction_or_preposition
ar,now_only,بموجب,pass,attached_conjunction_or_preposition
ar,now_only,بنسبة,pass,attached_conjunction_or_preposition
ar,now_only,بيده,pass,attached_conjunction_or_preposition
ar,now_only,فعليا,pass,attached_conjunction_or_preposition
ar,now_only,فكل,pass,attached_conjunction_or_preposition
ar,now_only,كذالك,pass,attached_conjunction_or_preposition
ar,now_only,كروز,pass,attached_conjunction_or_preposition
ar,now_only,كمن,pass,attached_conjunction_or_preposition
ar,now_only,لإنقاذ,pass,attached_conjunction_or_preposition
ar,now_only,لحظه,pass,attached_conjunction_or_preposition
ar,now_only,للتو,pass,attached_conjunction_or_preposition
ar,now_only,ليا,pass,attached_conjunction_or_preposition
ar,now_only,ليه,pass,attached_conjunction_or_preposition
ar,now_only,وأم,pass,attached_conjunction_or_preposition
ar,now_only,وأي,pass,attached_conjunction_or_preposition
ar,now_only,وإذ,pass,attached_conjunction_or_preposition
ar,now_only,والتر,not_in_reference_dictionary,attached_conjunction_or_preposition
ar,now_only,والده,pass,attached_conjunction_or_preposition
ar,now_only,وبعدين,pass,attached_conjunction_or_preposition
ar,now_only,وحب,pass,attached_conjunction_or_preposition
ar,now_only,وحي,pass,attached_conjunction_or_preposition
ar,now_only,وعشرين,pass,attached_conjunction_or_preposition
ar,now_only,وكم,pass,attached_conjunction_or_preposition
ar,now_only,ولك,pass,attached_conjunction_or_preposition
ar,now_only,ولكنني,pass,attached_conjunction_or_preposition
ar,now_only,ولكنه,pass,attached_conjunction_or_preposition
ar,now_only,ولكنها,pass,attached_conjunction_or_preposition
sw,evidence_only,nehemia,proper_noun,not_in_reference_dictionary
sw,evidence_only,wenger,proper_noun,not_in_reference_dictionary
sw,now_only,dengi,not_in_reference_dictionary,wrong_language_other
sw,now_only,leone,not_in_reference_dictionary,proper_noun
sw,now_only,metaboli,not_in_reference_dictionary,wrong_language_other
sw,now_only,watutsi,not_in_reference_dictionary,proper_noun
sw,now_only,zopa,not_in_reference_dictionary,wrong_language_other
