lang,tier,word
en,easy,sex
en,medium,sexual
es,hard,imbécil
es,hard,racista
es,expert,asesinato
fr,medium,peter
fr,hard,chatte
fr,hard,bourré
fr,hard,péter
fr,expert,branler
fr,expert,emmerder
fr,expert,salaud
de,hard,muschi
de,hard,kacke
de,expert,wichsen
de,expert,pinkeln
de,expert,mose
pt,easy,comer
pt,medium,inferno
pt,medium,cerveja
pt,medium,foda
pt,medium,pau
pt,hard,amador
pt,hard,pênis
pt,hard,cocaína
pt,hard,transar
pt,expert,bicha
pt,expert,torneira
pt,expert,cagar
pl,hard,jebany
pl,hard,kurwy
pl,expert,pedał
pl,expert,burdel
ko,hard,개새끼
ko,hard,변태
ko,expert,야동
ko,expert,망가
ko,expert,자위
ko,expert,또라이
ko,expert,염병
ja,easy,おっぱい
ja,hard,なめ
ja,expert,おしり
ja,expert,ちんこ
fil,expert,puke
fil,expert,tite
zh,hard,ji1qing2|激情
zh,hard,zuo4ai4|做爱
zh,hard,ji1ba1|鸡巴
zh,hard,ji4nv3|妓女
zh,expert,biao3zi5|婊子
zh,expert,nai3zi5|奶子
zh,expert,yin1dao4|阴道
zh,expert,ru3fang2|乳房
zh,expert,xing4jiao1|性交
zh,expert,sao1huo4|骚货
zh,expert,diao3|屌
zh,expert,mai4yin2|卖淫
zh,expert,yin1jing1|阴茎
