lang,word,class,signed_by,basis
de,aires,proper_noun,Eric 2026-10-07,C1 ruling: de names/Anglicisms; pl evidence list authoritative; class from bank-check-2026-10-07.csv
de,aliens,wrong_language_english,Eric 2026-10-07,C1 ruling: de names/Anglicisms; pl evidence list authoritative; class from bank-check-2026-10-07.csv
de,amanda,proper_noun,Eric 2026-10-07,C1 ruling: de names/Anglicisms; pl evidence list authoritative; class from bank-check-2026-10-07.csv
de,andi,proper_noun,Eric 2026-10-07,C1 ruling: de names/Anglicisms; pl evidence list authoritative; class from bank-check-2026-10-07.csv
de,austin,proper_noun,Eric 2026-10-07,C1 ruling: de names/Anglicisms; pl evidence list authoritative; class from bank-check-2026-10-07.csv
de,bastian,wrong_language_other,Eric 2026-10-07,C1 ruling: de names/Anglicisms; pl evidence list authoritative; class from bank-check-2026-10-07.csv
de,bianca,proper_noun,Eric 2026-10-07,C1 ruling: de names/Anglicisms; pl evidence list authoritative; class from bank-check-2026-10-07.csv
de,boateng,proper_noun,Eric 2026-10-07,C1 ruling: de names/Anglicisms; pl evidence list authoritative; class from bank-check-2026-10-07.csv
de,bodo,wrong_language_other,Eric 2026-10-07,C1 ruling: de names/Anglicisms; pl evidence list authoritative; class from bank-check-2026-10-07.csv
de,born,wrong_language_english,Eric 2026-10-07,C1 ruling: de names/Anglicisms; pl evidence list authoritative; class from bank-check-2026-10-07.csv
de,caesar,proper_noun,Eric 2026-10-07,C1 ruling: de names/Anglicisms; pl evidence list authoritative; class from bank-check-2026-10-07.csv
de,carolina,proper_noun,Eric 2026-10-07,C1 ruling: de names/Anglicisms; pl evidence list authoritative; class from bank-check-2026-10-07.csv
de,christopher,proper_noun,Eric 2026-10-07,C1 ruling: de names/Anglicisms; pl evidence list authoritative; class from bank-check-2026-10-07.csv
de,clean,wrong_language_english,Eric 2026-10-07,C1 ruling: de names/Anglicisms; pl evidence list authoritative; class from bank-check-2026-10-07.csv
de,colorado,proper_noun,Eric 2026-10-07,C1 ruling: de names/Anglicisms; pl evidence list authoritative; class from bank-check-2026-10-07.csv
de,cornelius,proper_noun,Eric 2026-10-07,C1 ruling: de names/Anglicisms; pl evidence list authoritative; class from bank-check-2026-10-07.csv
de,denise,proper_noun,Eric 2026-10-07,C1 ruling: de names/Anglicisms; pl evidence list authoritative; class from bank-check-2026-10-07.csv
de,dorothea,proper_noun,Eric 2026-10-07,C1 ruling: de names/Anglicisms; pl evidence list authoritative; class from bank-check-2026-10-07.csv
de,dylan,proper_noun,Eric 2026-10-07,C1 ruling: de names/Anglicisms; pl evidence list authoritative; class from bank-check-2026-10-07.csv
de,email,wrong_language_english,Eric 2026-10-07,C1 ruling: de names/Anglicisms; pl evidence list authoritative; class from bank-check-2026-10-07.csv
de,emails,wrong_language_english,Eric 2026-10-07,C1 ruling: de names/Anglicisms; pl evidence list authoritative; class from bank-check-2026-10-07.csv
de,empire,wrong_language_english,Eric 2026-10-07,C1 ruling: de names/Anglicisms; pl evidence list authoritative; class from bank-check-2026-10-07.csv
de,erik,proper_noun,Eric 2026-10-07,C1 ruling: de names/Anglicisms; pl evidence list authoritative; class from bank-check-2026-10-07.csv
de,falk,proper_noun,Eric 2026-10-07,C1 ruling: de names/Anglicisms; pl evidence list authoritative; class from bank-check-2026-10-07.csv
de,feeling,wrong_language_english,Eric 2026-10-07,C1 ruling: de names/Anglicisms; pl evidence list authoritative; class from bank-check-2026-10-07.csv
de,focus,wrong_language_english,Eric 2026-10-07,C1 ruling: de names/Anglicisms; pl evidence list authoritative; class from bank-check-2026-10-07.csv
de,folk,wrong_language_english,Eric 2026-10-07,C1 ruling: de names/Anglicisms; pl evidence list authoritative; class from bank-check-2026-10-07.csv
de,football,wrong_language_english,Eric 2026-10-07,C1 ruling: de names/Anglicisms; pl evidence list authoritative; class from bank-check-2026-10-07.csv
de,gaza,proper_noun,Eric 2026-10-07,C1 ruling: de names/Anglicisms; pl evidence list authoritative; class from bank-check-2026-10-07.csv
de,gertrud,proper_noun,Eric 2026-10-07,C1 ruling: de names/Anglicisms; pl evidence list authoritative; class from bank-check-2026-10-07.csv
de,gilbert,proper_noun,Eric 2026-10-07,C1 ruling: de names/Anglicisms; pl evidence list authoritative; class from bank-check-2026-10-07.csv
de,gomez,proper_noun,Eric 2026-10-07,C1 ruling: de names/Anglicisms; pl evidence list authoritative; class from bank-check-2026-10-07.csv
de,grass,wrong_language_english,Eric 2026-10-07,C1 ruling: de names/Anglicisms; pl evidence list authoritative; class from bank-check-2026-10-07.csv
de,grazer,wrong_language_english,Eric 2026-10-07,C1 ruling: de names/Anglicisms; pl evidence list authoritative; class from bank-check-2026-10-07.csv
de,greifswald,proper_noun,Eric 2026-10-07,C1 ruling: de names/Anglicisms; pl evidence list authoritative; class from bank-check-2026-10-07.csv
de,gruber,wrong_language_other,Eric 2026-10-07,C1 ruling: de names/Anglicisms; pl evidence list authoritative; class from bank-check-2026-10-07.csv
de,gunnar,proper_noun,Eric 2026-10-07,C1 ruling: de names/Anglicisms; pl evidence list authoritative; class from bank-check-2026-10-07.csv
de,gustav,proper_noun,Eric 2026-10-07,C1 ruling: de names/Anglicisms; pl evidence list authoritative; class from bank-check-2026-10-07.csv
de,haller,proper_noun,Eric 2026-10-07,C1 ruling: de names/Anglicisms; pl evidence list authoritative; class from bank-check-2026-10-07.csv
de,hansa,wrong_language_other,Eric 2026-10-07,C1 ruling: de names/Anglicisms; pl evidence list authoritative; class from bank-check-2026-10-07.csv
de,hendrik,wrong_language_other,Eric 2026-10-07,C1 ruling: de names/Anglicisms; pl evidence list authoritative; class from bank-check-2026-10-07.csv
de,herder,wrong_language_english,Eric 2026-10-07,C1 ruling: de names/Anglicisms; pl evidence list authoritative; class from bank-check-2026-10-07.csv
de,herne,proper_noun,Eric 2026-10-07,C1 ruling: de names/Anglicisms; pl evidence list authoritative; class from bank-check-2026-10-07.csv
de,highway,wrong_language_english,Eric 2026-10-07,C1 ruling: de names/Anglicisms; pl evidence list authoritative; class from bank-check-2026-10-07.csv
de,hip,wrong_language_english,Eric 2026-10-07,C1 ruling: de names/Anglicisms; pl evidence list authoritative; class from bank-check-2026-10-07.csv
de,hudson,proper_noun,Eric 2026-10-07,C1 ruling: de names/Anglicisms; pl evidence list authoritative; class from bank-check-2026-10-07.csv
de,hui,proper_noun,Eric 2026-10-07,C1 ruling: de names/Anglicisms; pl evidence list authoritative; class from bank-check-2026-10-07.csv
de,ibiza,proper_noun,Eric 2026-10-07,C1 ruling: de names/Anglicisms; pl evidence list authoritative; class from bank-check-2026-10-07.csv
de,ida,proper_noun,Eric 2026-10-07,C1 ruling: de names/Anglicisms; pl evidence list authoritative; class from bank-check-2026-10-07.csv
de,ikea,proper_noun,Eric 2026-10-07,C1 ruling: de names/Anglicisms; pl evidence list authoritative; class from bank-check-2026-10-07.csv
de,ilse,proper_noun,Eric 2026-10-07,C1 ruling: de names/Anglicisms; pl evidence list authoritative; class from bank-check-2026-10-07.csv
de,intro,wrong_language_english,Eric 2026-10-07,C1 ruling: de names/Anglicisms; pl evidence list authoritative; class from bank-check-2026-10-07.csv
de,isabella,proper_noun,Eric 2026-10-07,C1 ruling: de names/Anglicisms; pl evidence list authoritative; class from bank-check-2026-10-07.csv
de,jasmin,wrong_language_other,Eric 2026-10-07,C1 ruling: de names/Anglicisms; pl evidence list authoritative; class from bank-check-2026-10-07.csv
de,jennifer,proper_noun,Eric 2026-10-07,C1 ruling: de names/Anglicisms; pl evidence list authoritative; class from bank-check-2026-10-07.csv
de,johanna,proper_noun,Eric 2026-10-07,C1 ruling: de names/Anglicisms; pl evidence list authoritative; class from bank-check-2026-10-07.csv
de,jonas,proper_noun,Eric 2026-10-07,C1 ruling: de names/Anglicisms; pl evidence list authoritative; class from bank-check-2026-10-07.csv
de,jonathan,proper_noun,Eric 2026-10-07,C1 ruling: de names/Anglicisms; pl evidence list authoritative; class from bank-check-2026-10-07.csv
de,joshua,proper_noun,Eric 2026-10-07,C1 ruling: de names/Anglicisms; pl evidence list authoritative; class from bank-check-2026-10-07.csv
de,justin,proper_noun,Eric 2026-10-07,C1 ruling: de names/Anglicisms; pl evidence list authoritative; class from bank-check-2026-10-07.csv
de,justus,wrong_language_other,Eric 2026-10-07,C1 ruling: de names/Anglicisms; pl evidence list authoritative; class from bank-check-2026-10-07.csv
de,katar,wrong_language_other,Eric 2026-10-07,C1 ruling: de names/Anglicisms; pl evidence list authoritative; class from bank-check-2026-10-07.csv
de,kruse,proper_noun,Eric 2026-10-07,C1 ruling: de names/Anglicisms; pl evidence list authoritative; class from bank-check-2026-10-07.csv
de,kuhn,proper_noun,Eric 2026-10-07,C1 ruling: de names/Anglicisms; pl evidence list authoritative; class from bank-check-2026-10-07.csv
de,label,wrong_language_english,Eric 2026-10-07,C1 ruling: de names/Anglicisms; pl evidence list authoritative; class from bank-check-2026-10-07.csv
de,lausanne,proper_noun,Eric 2026-10-07,C1 ruling: de names/Anglicisms; pl evidence list authoritative; class from bank-check-2026-10-07.csv
de,leon,proper_noun,Eric 2026-10-07,C1 ruling: de names/Anglicisms; pl evidence list authoritative; class from bank-check-2026-10-07.csv
de,leonhard,proper_noun,Eric 2026-10-07,C1 ruling: de names/Anglicisms; pl evidence list authoritative; class from bank-check-2026-10-07.csv
de,livestream,wrong_language_other,Eric 2026-10-07,C1 ruling: de names/Anglicisms; pl evidence list authoritative; class from bank-check-2026-10-07.csv
de,look,wrong_language_english,Eric 2026-10-07,C1 ruling: de names/Anglicisms; pl evidence list authoritative; class from bank-check-2026-10-07.csv
de,lucas,proper_noun,Eric 2026-10-07,C1 ruling: de names/Anglicisms; pl evidence list authoritative; class from bank-check-2026-10-07.csv
de,lucke,proper_noun,Eric 2026-10-07,C1 ruling: de names/Anglicisms; pl evidence list authoritative; class from bank-check-2026-10-07.csv
de,lux,wrong_language_english,Eric 2026-10-07,C1 ruling: de names/Anglicisms; pl evidence list authoritative; class from bank-check-2026-10-07.csv
de,lyon,proper_noun,Eric 2026-10-07,C1 ruling: de names/Anglicisms; pl evidence list authoritative; class from bank-check-2026-10-07.csv
de,mami,wrong_language_other,Eric 2026-10-07,C1 ruling: de names/Anglicisms; pl evidence list authoritative; class from bank-check-2026-10-07.csv
de,martini,wrong_language_english,Eric 2026-10-07,C1 ruling: de names/Anglicisms; pl evidence list authoritative; class from bank-check-2026-10-07.csv
de,match,wrong_language_english,Eric 2026-10-07,C1 ruling: de names/Anglicisms; pl evidence list authoritative; class from bank-check-2026-10-07.csv
de,maxi,wrong_language_english,Eric 2026-10-07,C1 ruling: de names/Anglicisms; pl evidence list authoritative; class from bank-check-2026-10-07.csv
de,mayer,proper_noun,Eric 2026-10-07,C1 ruling: de names/Anglicisms; pl evidence list authoritative; class from bank-check-2026-10-07.csv
de,melbourne,proper_noun,Eric 2026-10-07,C1 ruling: de names/Anglicisms; pl evidence list authoritative; class from bank-check-2026-10-07.csv
de,met,wrong_language_english,Eric 2026-10-07,C1 ruling: de names/Anglicisms; pl evidence list authoritative; class from bank-check-2026-10-07.csv
de,montana,proper_noun,Eric 2026-10-07,C1 ruling: de names/Anglicisms; pl evidence list authoritative; class from bank-check-2026-10-07.csv
de,mose,proper_noun,Eric 2026-10-07,C1 ruling: de names/Anglicisms; pl evidence list authoritative; class from bank-check-2026-10-07.csv
de,navi,wrong_language_other,Eric 2026-10-07,C1 ruling: de names/Anglicisms; pl evidence list authoritative; class from bank-check-2026-10-07.csv
de,nu,wrong_language_english,Eric 2026-10-07,C1 ruling: de names/Anglicisms; pl evidence list authoritative; class from bank-check-2026-10-07.csv
de,palma,wrong_language_other,Eric 2026-10-07,C1 ruling: de names/Anglicisms; pl evidence list authoritative; class from bank-check-2026-10-07.csv
de,panama,wrong_language_english,Eric 2026-10-07,C1 ruling: de names/Anglicisms; pl evidence list authoritative; class from bank-check-2026-10-07.csv
de,patricia,proper_noun,Eric 2026-10-07,C1 ruling: de names/Anglicisms; pl evidence list authoritative; class from bank-check-2026-10-07.csv
de,pauli,proper_noun,Eric 2026-10-07,C1 ruling: de names/Anglicisms; pl evidence list authoritative; class from bank-check-2026-10-07.csv
de,petersen,proper_noun,Eric 2026-10-07,C1 ruling: de names/Anglicisms; pl evidence list authoritative; class from bank-check-2026-10-07.csv
de,pick,wrong_language_english,Eric 2026-10-07,C1 ruling: de names/Anglicisms; pl evidence list authoritative; class from bank-check-2026-10-07.csv
de,playoffs,wrong_language_english,Eric 2026-10-07,C1 ruling: de names/Anglicisms; pl evidence list authoritative; class from bank-check-2026-10-07.csv
de,rachel,proper_noun,Eric 2026-10-07,C1 ruling: de names/Anglicisms; pl evidence list authoritative; class from bank-check-2026-10-07.csv
de,rapper,wrong_language_english,Eric 2026-10-07,C1 ruling: de names/Anglicisms; pl evidence list authoritative; class from bank-check-2026-10-07.csv
de,relegation,wrong_language_english,Eric 2026-10-07,C1 ruling: de names/Anglicisms; pl evidence list authoritative; class from bank-check-2026-10-07.csv
de,rica,wrong_language_other,Eric 2026-10-07,C1 ruling: de names/Anglicisms; pl evidence list authoritative; class from bank-check-2026-10-07.csv
de,ried,wrong_language_other,Eric 2026-10-07,C1 ruling: de names/Anglicisms; pl evidence list authoritative; class from bank-check-2026-10-07.csv
de,ross,proper_noun,Eric 2026-10-07,C1 ruling: de names/Anglicisms; pl evidence list authoritative; class from bank-check-2026-10-07.csv
de,rudolph,proper_noun,Eric 2026-10-07,C1 ruling: de names/Anglicisms; pl evidence list authoritative; class from bank-check-2026-10-07.csv
de,saar,proper_noun,Eric 2026-10-07,C1 ruling: de names/Anglicisms; pl evidence list authoritative; class from bank-check-2026-10-07.csv
de,saint,wrong_language_english,Eric 2026-10-07,C1 ruling: de names/Anglicisms; pl evidence list authoritative; class from bank-check-2026-10-07.csv
de,schultz,proper_noun,Eric 2026-10-07,C1 ruling: de names/Anglicisms; pl evidence list authoritative; class from bank-check-2026-10-07.csv
de,sept,proper_noun,Eric 2026-10-07,C1 ruling: de names/Anglicisms; pl evidence list authoritative; class from bank-check-2026-10-07.csv
de,shirts,wrong_language_english,Eric 2026-10-07,C1 ruling: de names/Anglicisms; pl evidence list authoritative; class from bank-check-2026-10-07.csv
de,shuttle,wrong_language_english,Eric 2026-10-07,C1 ruling: de names/Anglicisms; pl evidence list authoritative; class from bank-check-2026-10-07.csv
de,silvia,proper_noun,Eric 2026-10-07,C1 ruling: de names/Anglicisms; pl evidence list authoritative; class from bank-check-2026-10-07.csv
de,skype,proper_noun,Eric 2026-10-07,C1 ruling: de names/Anglicisms; pl evidence list authoritative; class from bank-check-2026-10-07.csv
de,stade,wrong_language_other,Eric 2026-10-07,C1 ruling: de names/Anglicisms; pl evidence list authoritative; class from bank-check-2026-10-07.csv
de,steyr,wrong_language_other,Eric 2026-10-07,C1 ruling: de names/Anglicisms; pl evidence list authoritative; class from bank-check-2026-10-07.csv
de,storm,wrong_language_english,Eric 2026-10-07,C1 ruling: de names/Anglicisms; pl evidence list authoritative; class from bank-check-2026-10-07.csv
de,streamen,wrong_language_other,Eric 2026-10-07,C1 ruling: de names/Anglicisms; pl evidence list authoritative; class from bank-check-2026-10-07.csv
de,stuart,proper_noun,Eric 2026-10-07,C1 ruling: de names/Anglicisms; pl evidence list authoritative; class from bank-check-2026-10-07.csv
de,style,wrong_language_english,Eric 2026-10-07,C1 ruling: de names/Anglicisms; pl evidence list authoritative; class from bank-check-2026-10-07.csv
de,tell,wrong_language_english,Eric 2026-10-07,C1 ruling: de names/Anglicisms; pl evidence list authoritative; class from bank-check-2026-10-07.csv
de,teresa,proper_noun,Eric 2026-10-07,C1 ruling: de names/Anglicisms; pl evidence list authoritative; class from bank-check-2026-10-07.csv
de,tommy,proper_noun,Eric 2026-10-07,C1 ruling: de names/Anglicisms; pl evidence list authoritative; class from bank-check-2026-10-07.csv
de,torsten,wrong_language_other,Eric 2026-10-07,C1 ruling: de names/Anglicisms; pl evidence list authoritative; class from bank-check-2026-10-07.csv
de,ur,proper_noun,Eric 2026-10-07,C1 ruling: de names/Anglicisms; pl evidence list authoritative; class from bank-check-2026-10-07.csv
de,victoria,proper_noun,Eric 2026-10-07,C1 ruling: de names/Anglicisms; pl evidence list authoritative; class from bank-check-2026-10-07.csv
de,viktor,proper_noun,Eric 2026-10-07,C1 ruling: de names/Anglicisms; pl evidence list authoritative; class from bank-check-2026-10-07.csv
de,voigt,proper_noun,Eric 2026-10-07,C1 ruling: de names/Anglicisms; pl evidence list authoritative; class from bank-check-2026-10-07.csv
de,vors,wrong_language_other,Eric 2026-10-07,C1 ruling: de names/Anglicisms; pl evidence list authoritative; class from bank-check-2026-10-07.csv
de,wels,proper_noun,Eric 2026-10-07,C1 ruling: de names/Anglicisms; pl evidence list authoritative; class from bank-check-2026-10-07.csv
de,wenzel,proper_noun,Eric 2026-10-07,C1 ruling: de names/Anglicisms; pl evidence list authoritative; class from bank-check-2026-10-07.csv
de,wilson,proper_noun,Eric 2026-10-07,C1 ruling: de names/Anglicisms; pl evidence list authoritative; class from bank-check-2026-10-07.csv
de,zen,wrong_language_english,Eric 2026-10-07,C1 ruling: de names/Anglicisms; pl evidence list authoritative; class from bank-check-2026-10-07.csv
pl,amber,proper_noun,Eric 2026-10-07,C1 ruling: de names/Anglicisms; pl evidence list authoritative; class from bank-check-2026-10-07.csv
pl,anti,wrong_language_english,Eric 2026-10-07,C1 ruling: de names/Anglicisms; pl evidence list authoritative; class from bank-check-2026-10-07.csv
pl,bang,proper_noun,Eric 2026-10-07,C1 ruling: de names/Anglicisms; pl evidence list authoritative; class from bank-check-2026-10-07.csv
pl,bede,proper_noun,Eric 2026-10-07,C1 ruling: de names/Anglicisms; pl evidence list authoritative; class from bank-check-2026-10-07.csv
pl,content,wrong_language_english,Eric 2026-10-07,C1 ruling: de names/Anglicisms; pl evidence list authoritative; class from bank-check-2026-10-07.csv
pl,das,wrong_language_other,Eric 2026-10-07,C1 ruling: de names/Anglicisms; pl evidence list authoritative; class from bank-check-2026-10-07.csv
pl,email,wrong_language_english,Eric 2026-10-07,C1 ruling: de names/Anglicisms; pl evidence list authoritative; class from bank-check-2026-10-07.csv
pl,ep,abbreviation_or_noise,Eric 2026-10-07,C1 ruling: de names/Anglicisms; pl evidence list authoritative; class from bank-check-2026-10-07.csv
pl,eur,proper_noun,Eric 2026-10-07,C1 ruling: de names/Anglicisms; pl evidence list authoritative; class from bank-check-2026-10-07.csv
pl,francuzi,proper_noun,Eric 2026-10-07,C1 ruling: de names/Anglicisms; pl evidence list authoritative; class from bank-check-2026-10-07.csv
pl,halloween,proper_noun,Eric 2026-10-07,C1 ruling: de names/Anglicisms; pl evidence list authoritative; class from bank-check-2026-10-07.csv
pl,how,wrong_language_english,Eric 2026-10-07,C1 ruling: de names/Anglicisms; pl evidence list authoritative; class from bank-check-2026-10-07.csv
pl,indie,proper_noun,Eric 2026-10-07,C1 ruling: de names/Anglicisms; pl evidence list authoritative; class from bank-check-2026-10-07.csv
pl,jake,proper_noun,Eric 2026-10-07,C1 ruling: de names/Anglicisms; pl evidence list authoritative; class from bank-check-2026-10-07.csv
pl,know,wrong_language_english,Eric 2026-10-07,C1 ruling: de names/Anglicisms; pl evidence list authoritative; class from bank-check-2026-10-07.csv
pl,mix,wrong_language_english,Eric 2026-10-07,C1 ruling: de names/Anglicisms; pl evidence list authoritative; class from bank-check-2026-10-07.csv
pl,multi,wrong_language_english,Eric 2026-10-07,C1 ruling: de names/Anglicisms; pl evidence list authoritative; class from bank-check-2026-10-07.csv
pl,must,wrong_language_english,Eric 2026-10-07,C1 ruling: de names/Anglicisms; pl evidence list authoritative; class from bank-check-2026-10-07.csv
pl,neo,proper_noun,Eric 2026-10-07,C1 ruling: de names/Anglicisms; pl evidence list authoritative; class from bank-check-2026-10-07.csv
pl,people,wrong_language_english,Eric 2026-10-07,C1 ruling: de names/Anglicisms; pl evidence list authoritative; class from bank-check-2026-10-07.csv
pl,photo,proper_noun,Eric 2026-10-07,C1 ruling: de names/Anglicisms; pl evidence list authoritative; class from bank-check-2026-10-07.csv
pl,ro,wrong_language_other,Eric 2026-10-07,C1 ruling: de names/Anglicisms; pl evidence list authoritative; class from bank-check-2026-10-07.csv
pl,ron,proper_noun,Eric 2026-10-07,C1 ruling: de names/Anglicisms; pl evidence list authoritative; class from bank-check-2026-10-07.csv
pl,think,wrong_language_english,Eric 2026-10-07,C1 ruling: de names/Anglicisms; pl evidence list authoritative; class from bank-check-2026-10-07.csv
pl,tumblr,proper_noun,Eric 2026-10-07,C1 ruling: de names/Anglicisms; pl evidence list authoritative; class from bank-check-2026-10-07.csv
pl,tweeta,wrong_language_other,Eric 2026-10-07,C1 ruling: de names/Anglicisms; pl evidence list authoritative; class from bank-check-2026-10-07.csv
pl,union,proper_noun,Eric 2026-10-07,C1 ruling: de names/Anglicisms; pl evidence list authoritative; class from bank-check-2026-10-07.csv
pl,wi,abbreviation_or_noise,Eric 2026-10-07,C1 ruling: de names/Anglicisms; pl evidence list authoritative; class from bank-check-2026-10-07.csv
