# CC-BANK-PURITY F2 ledger: word<TAB>verdict<TAB>source. One line per bank row, bank order.
# verdicts: dictionary | exception (signed) | pending (auditor sheet). No new row may ever enter as pending.
#tier	easy	0x0E8DE8FAC9642D90
#tier	medium	0xBE789A9607523573
#tier	hard	0xC0F03B7FB52AFB66
#tier	expert	0x2229BBCC85D8B570
cat	dictionary	en_US
dog	dictionary	en_US
sun	dictionary	en_US
run	dictionary	en_US
hat	dictionary	en_US
bed	dictionary	en_US
cup	dictionary	en_US
fish	dictionary	en_US
milk	dictionary	en_US
tree	dictionary	en_US
book	dictionary	en_US
star	dictionary	en_US
frog	dictionary	en_US
jump	dictionary	en_US
rain	dictionary	en_US
gold	dictionary	en_US
hand	dictionary	en_US
ship	dictionary	en_US
leaf	dictionary	en_US
nest	dictionary	en_US
bird	dictionary	en_US
corn	dictionary	en_US
desk	dictionary	en_US
door	dictionary	en_US
duck	dictionary	en_US
farm	dictionary	en_US
fox	dictionary	en_US
gift	dictionary	en_US
girl	dictionary	en_US
hill	dictionary	en_US
horse	dictionary	en_US
kite	dictionary	en_US
lamp	dictionary	en_US
lion	dictionary	en_US
map	dictionary	en_US
moon	dictionary	en_US
mouse	dictionary	en_US
nose	dictionary	en_US
pig	dictionary	en_US
rock	dictionary	en_US
rose	dictionary	en_US
seed	dictionary	en_US
snow	dictionary	en_US
sock	dictionary	en_US
swim	dictionary	en_US
tent	dictionary	en_US
wind	dictionary	en_US
wolf	dictionary	en_US
worm	dictionary	en_US
zoo	dictionary	en_US
the	dictionary	en_US
of	dictionary	en_US
and	dictionary	en_US
to	dictionary	en_US
in	dictionary	en_US
is	dictionary	en_US
was	dictionary	en_US
that	dictionary	en_US
for	dictionary	en_US
as	dictionary	en_US
with	dictionary	en_US
by	dictionary	en_US
on	dictionary	en_US
are	dictionary	en_US
from	dictionary	en_US
be	dictionary	en_US
or	dictionary	en_US
his	dictionary	en_US
were	dictionary	en_US
it	dictionary	en_US
an	dictionary	en_US
at	dictionary	en_US
not	dictionary	en_US
have	dictionary	en_US
he	dictionary	en_US
had	dictionary	en_US
also	dictionary	en_US
has	dictionary	en_US
this	dictionary	en_US
but	dictionary	en_US
one	dictionary	en_US
its	dictionary	en_US
can	dictionary	en_US
been	dictionary	en_US
more	dictionary	en_US
they	dictionary	en_US
used	dictionary	en_US
all	dictionary	en_US
into	dictionary	en_US
two	dictionary	en_US
than	dictionary	en_US
only	dictionary	en_US
time	dictionary	en_US
most	dictionary	en_US
who	dictionary	en_US
some	dictionary	en_US
such	dictionary	en_US
may	dictionary	en_US
when	dictionary	en_US
many	dictionary	en_US
her	dictionary	en_US
over	dictionary	en_US
use	dictionary	en_US
no	dictionary	en_US
new	dictionary	en_US
will	dictionary	en_US
him	dictionary	en_US
them	dictionary	en_US
made	dictionary	en_US
out	dictionary	en_US
up	dictionary	en_US
both	dictionary	en_US
then	dictionary	en_US
so	dictionary	en_US
any	dictionary	en_US
main	dictionary	en_US
each	dictionary	en_US
if	dictionary	en_US
well	dictionary	en_US
same	dictionary	en_US
work	dictionary	en_US
part	dictionary	en_US
very	dictionary	en_US
year	dictionary	en_US
did	dictionary	en_US
much	dictionary	en_US
city	dictionary	en_US
she	dictionary	en_US
do	dictionary	en_US
own	dictionary	en_US
even	dictionary	en_US
form	dictionary	en_US
high	dictionary	en_US
life	dictionary	en_US
set	dictionary	en_US
now	dictionary	en_US
name	dictionary	en_US
end	dictionary	en_US
what	dictionary	en_US
make	dictionary	en_US
like	dictionary	en_US
area	dictionary	en_US
long	dictionary	en_US
four	dictionary	en_US
due	dictionary	en_US
must	dictionary	en_US
said	dictionary	en_US
few	dictionary	en_US
way	dictionary	en_US
film	dictionary	en_US
less	dictionary	en_US
does	dictionary	en_US
left	dictionary	en_US
back	dictionary	en_US
war	dictionary	en_US
took	dictionary	en_US
see	dictionary	en_US
game	dictionary	en_US
last	dictionary	en_US
line	dictionary	en_US
day	dictionary	en_US
term	dictionary	en_US
case	dictionary	en_US
down	dictionary	en_US
off	dictionary	en_US
just	dictionary	en_US
we	dictionary	en_US
data	dictionary	en_US
led	dictionary	en_US
held	dictionary	en_US
law	dictionary	en_US
body	dictionary	en_US
late	dictionary	en_US
take	dictionary	en_US
how	dictionary	en_US
word	dictionary	en_US
home	dictionary	en_US
men	dictionary	en_US
per	dictionary	en_US
you	dictionary	en_US
show	dictionary	en_US
next	dictionary	en_US
died	dictionary	en_US
age	dictionary	en_US
came	dictionary	en_US
play	dictionary	en_US
seen	dictionary	en_US
five	dictionary	en_US
old	dictionary	en_US
low	dictionary	en_US
land	dictionary	en_US
days	dictionary	en_US
able	dictionary	en_US
free	dictionary	en_US
air	dictionary	en_US
role	dictionary	en_US
good	dictionary	en_US
man	dictionary	en_US
size	dictionary	en_US
side	dictionary	en_US
team	dictionary	en_US
once	dictionary	en_US
thus	dictionary	en_US
type	dictionary	en_US
rate	dictionary	en_US
too	dictionary	en_US
upon	dictionary	en_US
band	dictionary	en_US
best	dictionary	en_US
need	dictionary	en_US
full	dictionary	en_US
us	dictionary	en_US
far	dictionary	en_US
went	dictionary	en_US
lost	dictionary	en_US
king	dictionary	en_US
away	dictionary	en_US
fact	dictionary	en_US
uses	dictionary	en_US
art	dictionary	en_US
god	dictionary	en_US
six	dictionary	en_US
food	dictionary	en_US
army	dictionary	en_US
come	dictionary	en_US
half	dictionary	en_US
help	dictionary	en_US
open	dictionary	en_US
gave	dictionary	en_US
true	dictionary	en_US
top	dictionary	en_US
head	dictionary	en_US
west	dictionary	en_US
give	dictionary	en_US
near	dictionary	en_US
won	dictionary	en_US
move	dictionary	en_US
get	dictionary	en_US
key	dictionary	en_US
lead	dictionary	en_US
put	dictionary	en_US
live	dictionary	en_US
fire	dictionary	en_US
east	dictionary	en_US
view	dictionary	en_US
real	dictionary	en_US
my	dictionary	en_US
sent	dictionary	en_US
son	dictionary	en_US
past	dictionary	en_US
idea	dictionary	en_US
rule	dictionary	en_US
our	dictionary	en_US
code	dictionary	en_US
soon	dictionary	en_US
find	dictionary	en_US
saw	dictionary	en_US
town	dictionary	en_US
me	dictionary	en_US
done	dictionary	en_US
cost	dictionary	en_US
base	dictionary	en_US
ever	dictionary	en_US
rest	dictionary	en_US
text	dictionary	en_US
mass	dictionary	en_US
sea	dictionary	en_US
go	dictionary	en_US
sold	dictionary	en_US
song	dictionary	en_US
wide	dictionary	en_US
loss	dictionary	en_US
lack	dictionary	en_US
oil	dictionary	en_US
keep	dictionary	en_US
wife	dictionary	en_US
cell	dictionary	en_US
love	dictionary	en_US
gas	dictionary	en_US
turn	dictionary	en_US
yet	dictionary	en_US
say	dictionary	en_US
site	dictionary	en_US
act	dictionary	en_US
cut	dictionary	en_US
list	dictionary	en_US
born	dictionary	en_US
read	dictionary	en_US
know	dictionary	en_US
ten	dictionary	en_US
flow	dictionary	en_US
met	dictionary	en_US
laws	dictionary	en_US
red	dictionary	en_US
heat	dictionary	en_US
test	dictionary	en_US
call	dictionary	en_US
male	dictionary	en_US
ways	dictionary	en_US
hold	dictionary	en_US
date	dictionary	en_US
sets	dictionary	en_US
face	dictionary	en_US
here	dictionary	en_US
hard	dictionary	en_US
poor	dictionary	en_US
told	dictionary	en_US
via	dictionary	en_US
plan	dictionary	en_US
kept	dictionary	en_US
hit	dictionary	en_US
tax	dictionary	en_US
fall	dictionary	en_US
whom	dictionary	en_US
era	dictionary	en_US
deal	dictionary	en_US
unit	dictionary	en_US
page	dictionary	en_US
vote	dictionary	en_US
race	dictionary	en_US
mean	dictionary	en_US
fuel	dictionary	en_US
felt	dictionary	en_US
rise	dictionary	en_US
road	dictionary	en_US
room	dictionary	en_US
park	dictionary	en_US
care	dictionary	en_US
cast	dictionary	en_US
goal	dictionary	en_US
shot	dictionary	en_US
tour	dictionary	en_US
says	dictionary	en_US
tend	dictionary	en_US
wave	dictionary	en_US
risk	dictionary	en_US
win	dictionary	en_US
meet	dictionary	en_US
user	dictionary	en_US
vary	dictionary	en_US
crew	dictionary	en_US
dead	dictionary	en_US
kind	dictionary	en_US
pay	dictionary	en_US
ball	dictionary	en_US
car	dictionary	en_US
nor	dictionary	en_US
lord	dictionary	en_US
acid	dictionary	en_US
stop	dictionary	en_US
your	dictionary	en_US
grew	dictionary	en_US
pass	dictionary	en_US
week	dictionary	en_US
gain	dictionary	en_US
blue	dictionary	en_US
aid	dictionary	en_US
hall	dictionary	en_US
ones	dictionary	en_US
pope	dictionary	en_US
look	dictionary	en_US
paid	dictionary	en_US
runs	dictionary	en_US
why	dictionary	en_US
step	dictionary	en_US
zero	dictionary	en_US
core	dictionary	en_US
ice	dictionary	en_US
fell	dictionary	en_US
cars	dictionary	en_US
file	dictionary	en_US
host	dictionary	en_US
navy	dictionary	en_US
mind	dictionary	en_US
pair	dictionary	en_US
skin	dictionary	en_US
wall	dictionary	en_US
mode	dictionary	en_US
rare	dictionary	en_US
sign	dictionary	en_US
arms	dictionary	en_US
onto	dictionary	en_US
lake	dictionary	en_US
nine	dictionary	en_US
bus	dictionary	en_US
card	dictionary	en_US
dry	dictionary	en_US
sex	dictionary	en_US
dark	dictionary	en_US
feet	dictionary	en_US
got	dictionary	en_US
acts	dictionary	en_US
soil	dictionary	en_US
want	dictionary	en_US
port	dictionary	en_US
ran	dictionary	en_US
fast	dictionary	en_US
news	dictionary	en_US
note	dictionary	en_US
path	dictionary	en_US
deep	dictionary	en_US
job	dictionary	en_US
bank	dictionary	en_US
club	dictionary	en_US
goes	dictionary	en_US
join	dictionary	en_US
die	dictionary	en_US
link	dictionary	en_US
ring	dictionary	en_US
big	dictionary	en_US
ends	dictionary	en_US
post	dictionary	en_US
hot	dictionary	en_US
bit	dictionary	en_US
let	dictionary	en_US
edge	dictionary	en_US
vast	dictionary	en_US
box	dictionary	en_US
rank	dictionary	en_US
seem	dictionary	en_US
slow	dictionary	en_US
bay	dictionary	en_US
am	dictionary	en_US
kill	dictionary	en_US
try	dictionary	en_US
cold	dictionary	en_US
grow	dictionary	en_US
mark	dictionary	en_US
task	dictionary	en_US
root	dictionary	en_US
iron	dictionary	en_US
bass	dictionary	en_US
disk	dictionary	en_US
eye	dictionary	en_US
meat	dictionary	en_US
wear	dictionary	en_US
la	dictionary	en_US
bits	dictionary	en_US
feel	dictionary	en_US
fine	dictionary	en_US
wood	dictionary	en_US
fit	dictionary	en_US
drug	dictionary	en_US
pure	dictionary	en_US
save	dictionary	en_US
easy	dictionary	en_US
fans	dictionary	en_US
pain	dictionary	en_US
stay	dictionary	en_US
ad	dictionary	en_US
flat	dictionary	en_US
hair	dictionary	en_US
add	dictionary	en_US
ago	dictionary	en_US
else	dictionary	en_US
foot	dictionary	en_US
send	dictionary	en_US
tube	dictionary	en_US
arts	dictionary	en_US
bad	dictionary	en_US
weak	dictionary	en_US
eyes	dictionary	en_US
seat	dictionary	en_US
draw	dictionary	en_US
guns	dictionary	en_US
sort	dictionary	en_US
lee	dictionary	en_US
knew	dictionary	en_US
rich	dictionary	en_US
seek	dictionary	en_US
copy	dictionary	en_US
evil	dictionary	en_US
fear	dictionary	en_US
tone	dictionary	en_US
lies	dictionary	en_US
debt	dictionary	en_US
none	dictionary	en_US
zone	dictionary	en_US
tell	dictionary	en_US
sir	dictionary	en_US
wild	dictionary	en_US
huge	dictionary	en_US
plot	dictionary	en_US
suit	dictionary	en_US
holy	dictionary	en_US
bill	dictionary	en_US
drop	dictionary	en_US
duty	dictionary	en_US
folk	dictionary	en_US
peak	dictionary	en_US
sell	dictionary	en_US
bowl	dictionary	en_US
safe	dictionary	en_US
boat	dictionary	en_US
jazz	dictionary	en_US
plus	dictionary	en_US
tool	dictionary	en_US
bar	dictionary	en_US
hope	dictionary	en_US
net	dictionary	en_US
duke	dictionary	en_US
hole	dictionary	en_US
lot	dictionary	en_US
poem	dictionary	en_US
boy	dictionary	en_US
jobs	dictionary	en_US
soul	dictionary	en_US
wire	dictionary	en_US
thin	dictionary	en_US
camp	dictionary	en_US
logo	dictionary	en_US
sale	dictionary	en_US
trip	dictionary	en_US
rail	dictionary	en_US
tail	dictionary	en_US
disc	dictionary	en_US
web	dictionary	en_US
eggs	dictionary	en_US
fan	dictionary	en_US
lay	dictionary	en_US
diet	dictionary	en_US
laid	dictionary	en_US
legs	dictionary	en_US
load	dictionary	en_US
lose	dictionary	en_US
row	dictionary	en_US
jack	dictionary	en_US
gods	dictionary	en_US
loop	dictionary	en_US
rear	dictionary	en_US
tape	dictionary	en_US
buy	dictionary	en_US
rely	dictionary	en_US
axis	dictionary	en_US
bear	dictionary	en_US
bulk	dictionary	en_US
firm	dictionary	en_US
soft	dictionary	en_US
sons	dictionary	en_US
worn	dictionary	en_US
bell	dictionary	en_US
van	dictionary	en_US
wars	dictionary	en_US
arm	dictionary	en_US
beat	dictionary	en_US
gene	dictionary	en_US
gone	dictionary	en_US
hour	dictionary	en_US
roll	dictionary	en_US
wing	dictionary	en_US
gun	dictionary	en_US
beam	dictionary	en_US
drew	dictionary	en_US
ions	dictionary	en_US
lady	dictionary	en_US
aim	dictionary	en_US
bond	dictionary	en_US
cash	dictionary	en_US
gets	dictionary	en_US
keys	dictionary	en_US
solo	dictionary	en_US
sum	dictionary	en_US
warm	dictionary	en_US
wine	dictionary	en_US
bob	dictionary	en_US
fly	dictionary	en_US
tank	dictionary	en_US
ties	dictionary	en_US
talk	dictionary	en_US
tom	dictionary	en_US
boys	dictionary	en_US
fill	dictionary	en_US
node	dictionary	en_US
rice	dictionary	en_US
sky	dictionary	en_US
vice	dictionary	en_US
wish	dictionary	en_US
bone	dictionary	en_US
salt	dictionary	en_US
spin	dictionary	en_US
bomb	dictionary	en_US
feed	dictionary	en_US
hear	dictionary	en_US
mix	dictionary	en_US
tied	dictionary	en_US
wins	dictionary	en_US
drum	dictionary	en_US
eat	dictionary	en_US
ask	dictionary	en_US
cool	dictionary	en_US
leg	dictionary	en_US
mail	dictionary	en_US
atom	dictionary	en_US
noun	dictionary	en_US
prey	dictionary	en_US
sole	dictionary	en_US
fair	dictionary	en_US
flag	dictionary	en_US
neck	dictionary	en_US
odd	dictionary	en_US
adds	dictionary	en_US
jet	dictionary	en_US
mere	dictionary	en_US
sure	dictionary	en_US
fort	dictionary	en_US
bid	dictionary	en_US
spot	dictionary	en_US
tons	dictionary	en_US
chip	dictionary	en_US
lift	dictionary	en_US
raw	dictionary	en_US
sees	dictionary	en_US
coal	dictionary	en_US
ages	dictionary	en_US
beer	dictionary	en_US
belt	dictionary	en_US
cuts	dictionary	en_US
fate	dictionary	en_US
flew	dictionary	en_US
grid	dictionary	en_US
lie	dictionary	en_US
poet	dictionary	en_US
tall	dictionary	en_US
asks	dictionary	en_US
fail	dictionary	en_US
gap	dictionary	en_US
pop	dictionary	en_US
sand	dictionary	en_US
bars	dictionary	en_US
bet	dictionary	en_US
deck	dictionary	en_US
pump	dictionary	en_US
push	dictionary	en_US
tea	dictionary	en_US
ban	dictionary	en_US
ill	dictionary	en_US
lens	dictionary	en_US
pool	dictionary	en_US
verb	dictionary	en_US
burn	dictionary	en_US
fat	dictionary	en_US
harm	dictionary	en_US
hits	dictionary	en_US
oral	dictionary	en_US
self	dictionary	en_US
bush	dictionary	en_US
gulf	dictionary	en_US
khan	dictionary	en_US
crop	dictionary	en_US
fame	dictionary	en_US
fled	dictionary	en_US
oath	dictionary	en_US
shut	dictionary	en_US
java	dictionary	en_US
baby	dictionary	en_US
dust	dictionary	en_US
ion	dictionary	en_US
wage	dictionary	en_US
wet	dictionary	en_US
item	dictionary	en_US
jury	dictionary	en_US
tip	dictionary	en_US
walk	dictionary	en_US
trek	dictionary	en_US
coup	dictionary	en_US
en	dictionary	en_US
gay	dictionary	en_US
maps	dictionary	en_US
sing	dictionary	en_US
sit	dictionary	en_US
wore	dictionary	en_US
cape	dictionary	en_US
aged	dictionary	en_US
clay	dictionary	en_US
fed	dictionary	en_US
fee	dictionary	en_US
mild	dictionary	en_US
punk	dictionary	en_US
seal	dictionary	en_US
mac	dictionary	en_US
dose	dictionary	en_US
fund	dictionary	en_US
ride	dictionary	en_US
wait	dictionary	en_US
ram	dictionary	en_US
blow	dictionary	en_US
ease	dictionary	en_US
horn	dictionary	en_US
hull	dictionary	en_US
myth	dictionary	en_US
pipe	dictionary	en_US
roof	dictionary	en_US
sail	dictionary	en_US
don	dictionary	en_US
bias	dictionary	en_US
boom	dictionary	en_US
dual	dictionary	en_US
gate	dictionary	en_US
pull	dictionary	en_US
sake	dictionary	en_US
slot	dictionary	en_US
bow	dictionary	en_US
ink	dictionary	en_US
bind	dictionary	en_US
dogs	dictionary	en_US
ear	dictionary	en_US
rays	dictionary	en_US
tale	dictionary	en_US
tie	dictionary	en_US
coat	dictionary	en_US
drag	dictionary	en_US
gear	dictionary	en_US
hunt	dictionary	en_US
span	dictionary	en_US
aims	dictionary	en_US
cult	dictionary	en_US
heir	dictionary	en_US
mile	dictionary	en_US
mine	dictionary	en_US
pick	dictionary	en_US
stem	dictionary	en_US
tiny	dictionary	en_US
earl	dictionary	en_US
eve	dictionary	en_US
coin	dictionary	en_US
shop	dictionary	en_US
wake	dictionary	en_US
hide	dictionary	en_US
lit	dictionary	en_US
rows	dictionary	en_US
arc	dictionary	en_US
dish	dictionary	en_US
inch	dictionary	en_US
pot	dictionary	en_US
sin	dictionary	en_US
ski	dictionary	en_US
cook	dictionary	en_US
max	dictionary	en_US
coil	dictionary	en_US
dies	dictionary	en_US
egg	dictionary	en_US
gray	dictionary	en_US
hip	dictionary	en_US
loan	dictionary	en_US
meal	dictionary	en_US
odds	dictionary	en_US
pace	dictionary	en_US
pole	dictionary	en_US
fees	dictionary	en_US
beta	dictionary	en_US
dot	dictionary	en_US
flee	dictionary	en_US
fun	dictionary	en_US
golf	dictionary	en_US
hop	dictionary	en_US
log	dictionary	en_US
cloud	dictionary	en_US
flower	dictionary	en_US
grass	dictionary	en_US
mouth	dictionary	en_US
smoke	dictionary	en_US
window	dictionary	en_US
pear	dictionary	en_US
bicycle	dictionary	en_US
kitchen	dictionary	en_US
monster	dictionary	en_US
picture	dictionary	en_US
brother	dictionary	en_US
holiday	dictionary	en_US
library	dictionary	en_US
machine	dictionary	en_US
balloon	dictionary	en_US
diamond	dictionary	en_US
journey	dictionary	en_US
mountain	dictionary	en_US
calendar	dictionary	en_US
elephant	dictionary	en_US
sandwich	dictionary	en_US
chocolate	dictionary	en_US
umbrella	dictionary	en_US
treasure	dictionary	en_US
hospital	dictionary	en_US
festival	dictionary	en_US
adventure	dictionary	en_US
afternoon	dictionary	en_US
building	dictionary	en_US
business	dictionary	en_US
children	dictionary	en_US
computer	dictionary	en_US
dinosaur	dictionary	en_US
envelope	dictionary	en_US
exercise	dictionary	en_US
favorite	dictionary	en_US
furniture	dictionary	en_US
grocery	dictionary	en_US
hamburger	dictionary	en_US
important	dictionary	en_US
keyboard	dictionary	en_US
language	dictionary	en_US
mushroom	dictionary	en_US
notebook	dictionary	en_US
orchestra	dictionary	en_US
painting	dictionary	en_US
pancake	dictionary	en_US
pumpkin	dictionary	en_US
question	dictionary	en_US
rainbow	dictionary	en_US
sausage	dictionary	en_US
sculpture	dictionary	en_US
sneakers	dictionary	en_US
stadium	dictionary	en_US
suitcase	dictionary	en_US
telephone	dictionary	en_US
which	dictionary	en_US
their	dictionary	en_US
other	dictionary	en_US
first	dictionary	en_US
would	dictionary	en_US
after	dictionary	en_US
there	dictionary	en_US
years	dictionary	en_US
about	dictionary	en_US
these	dictionary	en_US
during	dictionary	en_US
often	dictionary	en_US
where	dictionary	en_US
being	dictionary	en_US
number	dictionary	en_US
system	dictionary	en_US
could	dictionary	en_US
people	dictionary	en_US
known	dictionary	en_US
while	dictionary	en_US
called	dictionary	en_US
before	dictionary	en_US
later	dictionary	en_US
three	dictionary	en_US
under	dictionary	en_US
became	dictionary	en_US
united	dictionary	en_US
large	dictionary	en_US
found	dictionary	en_US
until	dictionary	en_US
early	dictionary	en_US
those	dictionary	en_US
around	dictionary	en_US
since	dictionary	en_US
power	dictionary	en_US
state	dictionary	en_US
second	dictionary	en_US
using	dictionary	en_US
small	dictionary	en_US
within	dictionary	en_US
states	dictionary	en_US
world	dictionary	en_US
water	dictionary	en_US
still	dictionary	en_US
common	dictionary	en_US
began	dictionary	en_US
series	dictionary	en_US
order	dictionary	en_US
death	dictionary	en_US
major	dictionary	en_US
based	dictionary	en_US
public	dictionary	en_US
become	dictionary	en_US
among	dictionary	en_US
place	dictionary	en_US
period	dictionary	en_US
music	dictionary	en_US
group	dictionary	en_US
should	dictionary	en_US
given	dictionary	en_US
result	dictionary	en_US
point	dictionary	en_US
family	dictionary	en_US
french	dictionary	en_US
single	dictionary	en_US
never	dictionary	en_US
right	dictionary	en_US
modern	dictionary	en_US
times	dictionary	en_US
along	dictionary	en_US
every	dictionary	en_US
local	dictionary	en_US
areas	dictionary	en_US
either	dictionary	en_US
though	dictionary	en_US
rather	dictionary	en_US
field	dictionary	en_US
human	dictionary	en_US
above	dictionary	en_US
others	dictionary	en_US
having	dictionary	en_US
great	dictionary	en_US
wrote	dictionary	en_US
means	dictionary	en_US
higher	dictionary	en_US
light	dictionary	en_US
again	dictionary	en_US
design	dictionary	en_US
level	dictionary	en_US
almost	dictionary	en_US
works	dictionary	en_US
south	dictionary	en_US
range	dictionary	en_US
theory	dictionary	en_US
little	dictionary	en_US
social	dictionary	en_US
built	dictionary	en_US
energy	dictionary	en_US
force	dictionary	en_US
total	dictionary	en_US
least	dictionary	en_US
change	dictionary	en_US
making	dictionary	en_US
season	dictionary	en_US
groups	dictionary	en_US
effect	dictionary	en_US
taken	dictionary	en_US
lower	dictionary	en_US
space	dictionary	en_US
itself	dictionary	en_US
third	dictionary	en_US
north	dictionary	en_US
final	dictionary	en_US
terms	dictionary	en_US
might	dictionary	en_US
played	dictionary	en_US
words	dictionary	en_US
cases	dictionary	en_US
school	dictionary	en_US
march	dictionary	en_US
women	dictionary	en_US
across	dictionary	en_US
source	dictionary	en_US
cause	dictionary	en_US
short	dictionary	en_US
party	dictionary	en_US
region	dictionary	en_US
always	dictionary	en_US
return	dictionary	en_US
parts	dictionary	en_US
forces	dictionary	en_US
value	dictionary	en_US
months	dictionary	en_US
larger	dictionary	en_US
named	dictionary	en_US
father	dictionary	en_US
cannot	dictionary	en_US
forms	dictionary	en_US
longer	dictionary	en_US
types	dictionary	en_US
games	dictionary	en_US
events	dictionary	en_US
moved	dictionary	en_US
below	dictionary	en_US
person	dictionary	en_US
record	dictionary	en_US
market	dictionary	en_US
study	dictionary	en_US
player	dictionary	en_US
style	dictionary	en_US
close	dictionary	en_US
nature	dictionary	en_US
added	dictionary	en_US
former	dictionary	en_US
black	dictionary	en_US
method	dictionary	en_US
strong	dictionary	en_US
model	dictionary	en_US
allow	dictionary	en_US
roman	dictionary	en_US
create	dictionary	en_US
attack	dictionary	en_US
points	dictionary	en_US
amount	dictionary	en_US
lines	dictionary	en_US
enough	dictionary	en_US
class	dictionary	en_US
names	dictionary	en_US
story	dictionary	en_US
entire	dictionary	en_US
sound	dictionary	en_US
china	dictionary	en_US
money	dictionary	en_US
trade	dictionary	en_US
living	dictionary	en_US
better	dictionary	en_US
young	dictionary	en_US
church	dictionary	en_US
access	dictionary	en_US
ground	dictionary	en_US
caused	dictionary	en_US
album	dictionary	en_US
court	dictionary	en_US
member	dictionary	en_US
forced	dictionary	en_US
house	dictionary	en_US
length	dictionary	en_US
killed	dictionary	en_US
mostly	dictionary	en_US
white	dictionary	en_US
stated	dictionary	en_US
whose	dictionary	en_US
widely	dictionary	en_US
action	dictionary	en_US
formed	dictionary	en_US
office	dictionary	en_US
radio	dictionary	en_US
makes	dictionary	en_US
needed	dictionary	en_US
cities	dictionary	en_US
stage	dictionary	en_US
rights	dictionary	en_US
today	dictionary	en_US
future	dictionary	en_US
allows	dictionary	en_US
event	dictionary	en_US
levels	dictionary	en_US
shows	dictionary	en_US
books	dictionary	en_US
speed	dictionary	en_US
policy	dictionary	en_US
rules	dictionary	en_US
appear	dictionary	en_US
recent	dictionary	en_US
heavy	dictionary	en_US
highly	dictionary	en_US
served	dictionary	en_US
memory	dictionary	en_US
title	dictionary	en_US
simply	dictionary	en_US
whole	dictionary	en_US
issues	dictionary	en_US
cells	dictionary	en_US
career	dictionary	en_US
units	dictionary	en_US
direct	dictionary	en_US
worked	dictionary	en_US
union	dictionary	en_US
likely	dictionary	en_US
active	dictionary	en_US
behind	dictionary	en_US
placed	dictionary	en_US
eight	dictionary	en_US
sense	dictionary	en_US
growth	dictionary	en_US
issue	dictionary	en_US
shown	dictionary	en_US
simple	dictionary	en_US
mother	dictionary	en_US
seven	dictionary	en_US
night	dictionary	en_US
battle	dictionary	en_US
older	dictionary	en_US
color	dictionary	en_US
start	dictionary	en_US
ended	dictionary	en_US
films	dictionary	en_US
press	dictionary	en_US
image	dictionary	en_US
nearly	dictionary	en_US
occur	dictionary	en_US
remain	dictionary	en_US
earth	dictionary	en_US
blood	dictionary	en_US
normal	dictionary	en_US
takes	dictionary	en_US
income	dictionary	en_US
island	dictionary	en_US
summer	dictionary	en_US
passed	dictionary	en_US
exist	dictionary	en_US
health	dictionary	en_US
ships	dictionary	en_US
hours	dictionary	en_US
occurs	dictionary	en_US
clear	dictionary	en_US
letter	dictionary	en_US
reason	dictionary	en_US
signal	dictionary	en_US
wanted	dictionary	en_US
legal	dictionary	en_US
mainly	dictionary	en_US
songs	dictionary	en_US
soviet	dictionary	en_US
reduce	dictionary	en_US
video	dictionary	en_US
female	dictionary	en_US
matter	dictionary	en_US
taking	dictionary	en_US
table	dictionary	en_US
child	dictionary	en_US
status	dictionary	en_US
turned	dictionary	en_US
engine	dictionary	en_US
media	dictionary	en_US
board	dictionary	en_US
charge	dictionary	en_US
metal	dictionary	en_US
course	dictionary	en_US
values	dictionary	en_US
things	dictionary	en_US
failed	dictionary	en_US
troops	dictionary	en_US
going	dictionary	en_US
supply	dictionary	en_US
famous	dictionary	en_US
plants	dictionary	en_US
police	dictionary	en_US
river	dictionary	en_US
moving	dictionary	en_US
opened	dictionary	en_US
serve	dictionary	en_US
basic	dictionary	en_US
basis	dictionary	en_US
inside	dictionary	en_US
agreed	dictionary	en_US
object	dictionary	en_US
except	dictionary	en_US
output	dictionary	en_US
degree	dictionary	en_US
models	dictionary	en_US
noted	dictionary	en_US
center	dictionary	en_US
giving	dictionary	en_US
claim	dictionary	en_US
meant	dictionary	en_US
beyond	dictionary	en_US
phase	dictionary	en_US
scale	dictionary	en_US
damage	dictionary	en_US
novel	dictionary	en_US
reach	dictionary	en_US
offer	dictionary	en_US
quite	dictionary	en_US
civil	dictionary	en_US
weight	dictionary	en_US
front	dictionary	en_US
leave	dictionary	en_US
fields	dictionary	en_US
plant	dictionary	en_US
causes	dictionary	en_US
ideas	dictionary	en_US
places	dictionary	en_US
powers	dictionary	en_US
unique	dictionary	en_US
origin	dictionary	en_US
paper	dictionary	en_US
device	dictionary	en_US
fully	dictionary	en_US
track	dictionary	en_US
travel	dictionary	en_US
birth	dictionary	en_US
fixed	dictionary	en_US
pieces	dictionary	en_US
easily	dictionary	en_US
flight	dictionary	en_US
spread	dictionary	en_US
write	dictionary	en_US
latter	dictionary	en_US
sides	dictionary	en_US
raised	dictionary	en_US
report	dictionary	en_US
shape	dictionary	en_US
spent	dictionary	en_US
weeks	dictionary	en_US
cover	dictionary	en_US
rates	dictionary	en_US
volume	dictionary	en_US
gives	dictionary	en_US
goods	dictionary	en_US
refers	dictionary	en_US
comes	dictionary	en_US
county	dictionary	en_US
follow	dictionary	en_US
middle	dictionary	en_US
teams	dictionary	en_US
carry	dictionary	en_US
peace	dictionary	en_US
annual	dictionary	en_US
fourth	dictionary	en_US
humans	dictionary	en_US
proved	dictionary	en_US
prior	dictionary	en_US
street	dictionary	en_US
bridge	dictionary	en_US
toward	dictionary	en_US
asked	dictionary	en_US
formal	dictionary	en_US
tried	dictionary	en_US
focus	dictionary	en_US
round	dictionary	en_US
speech	dictionary	en_US
unable	dictionary	en_US
cards	dictionary	en_US
drive	dictionary	en_US
equal	dictionary	en_US
plays	dictionary	en_US
sexual	dictionary	en_US
stars	dictionary	en_US
useful	dictionary	en_US
joined	dictionary	en_US
signed	dictionary	en_US
figure	dictionary	en_US
limit	dictionary	en_US
share	dictionary	en_US
users	dictionary	en_US
closed	dictionary	en_US
layer	dictionary	en_US
square	dictionary	en_US
avoid	dictionary	en_US
showed	dictionary	en_US
actual	dictionary	en_US
helped	dictionary	en_US
month	dictionary	en_US
argued	dictionary	en_US
images	dictionary	en_US
impact	dictionary	en_US
winter	dictionary	en_US
price	dictionary	en_US
target	dictionary	en_US
lived	dictionary	en_US
costs	dictionary	en_US
effort	dictionary	en_US
piece	dictionary	en_US
woman	dictionary	en_US
alone	dictionary	en_US
animal	dictionary	en_US
chosen	dictionary	en_US
choice	dictionary	en_US
demand	dictionary	en_US
factor	dictionary	en_US
houses	dictionary	en_US
notes	dictionary	en_US
scene	dictionary	en_US
think	dictionary	en_US
royal	dictionary	en_US
format	dictionary	en_US
seems	dictionary	en_US
staff	dictionary	en_US
gained	dictionary	en_US
heart	dictionary	en_US
leader	dictionary	en_US
saying	dictionary	en_US
search	dictionary	en_US
marked	dictionary	en_US
native	dictionary	en_US
plans	dictionary	en_US
input	dictionary	en_US
match	dictionary	en_US
cycle	dictionary	en_US
friend	dictionary	en_US
motion	dictionary	en_US
visit	dictionary	en_US
needs	dictionary	en_US
refer	dictionary	en_US
bodies	dictionary	en_US
issued	dictionary	en_US
voice	dictionary	en_US
claims	dictionary	en_US
leaves	dictionary	en_US
minor	dictionary	en_US
owned	dictionary	en_US
upper	dictionary	en_US
urban	dictionary	en_US
league	dictionary	en_US
break	dictionary	en_US
lives	dictionary	en_US
green	dictionary	en_US
hands	dictionary	en_US
double	dictionary	en_US
empire	dictionary	en_US
spring	dictionary	en_US
bring	dictionary	en_US
daily	dictionary	en_US
block	dictionary	en_US
coast	dictionary	en_US
sites	dictionary	en_US
string	dictionary	en_US
manner	dictionary	en_US
movie	dictionary	en_US
sector	dictionary	en_US
fight	dictionary	en_US
sales	dictionary	en_US
walls	dictionary	en_US
heard	dictionary	en_US
sought	dictionary	en_US
symbol	dictionary	en_US
nation	dictionary	en_US
build	dictionary	en_US
dance	dictionary	en_US
exists	dictionary	en_US
faith	dictionary	en_US
global	dictionary	en_US
route	dictionary	en_US
labor	dictionary	en_US
taught	dictionary	en_US
usage	dictionary	en_US
views	dictionary	en_US
score	dictionary	en_US
secret	dictionary	en_US
brain	dictionary	en_US
pages	dictionary	en_US
safety	dictionary	en_US
oldest	dictionary	en_US
shared	dictionary	en_US
plane	dictionary	en_US
bands	dictionary	en_US
males	dictionary	en_US
author	dictionary	en_US
begin	dictionary	en_US
begins	dictionary	en_US
carbon	dictionary	en_US
twice	dictionary	en_US
unlike	dictionary	en_US
error	dictionary	en_US
limits	dictionary	en_US
oxygen	dictionary	en_US
roles	dictionary	en_US
split	dictionary	en_US
truth	dictionary	en_US
angle	dictionary	en_US
ensure	dictionary	en_US
really	dictionary	en_US
viewed	dictionary	en_US
atoms	dictionary	en_US
coming	dictionary	en_US
stable	dictionary	en_US
calls	dictionary	en_US
steel	dictionary	en_US
threat	dictionary	en_US
trial	dictionary	en_US
museum	dictionary	en_US
border	dictionary	en_US
decade	dictionary	en_US
height	dictionary	en_US
screen	dictionary	en_US
stone	dictionary	en_US
studio	dictionary	en_US
affect	dictionary	en_US
combat	dictionary	en_US
debate	dictionary	en_US
fleet	dictionary	en_US
holds	dictionary	en_US
leads	dictionary	en_US
proper	dictionary	en_US
severe	dictionary	en_US
adding	dictionary	en_US
cable	dictionary	en_US
enemy	dictionary	en_US
extra	dictionary	en_US
floor	dictionary	en_US
glass	dictionary	en_US
super	dictionary	en_US
accept	dictionary	en_US
dates	dictionary	en_US
launch	dictionary	en_US
rarely	dictionary	en_US
trees	dictionary	en_US
waves	dictionary	en_US
grand	dictionary	en_US
queen	dictionary	en_US
offers	dictionary	en_US
apply	dictionary	en_US
drawn	dictionary	en_US
orders	dictionary	en_US
rural	dictionary	en_US
doing	dictionary	en_US
slaves	dictionary	en_US
theme	dictionary	en_US
trying	dictionary	en_US
exact	dictionary	en_US
domain	dictionary	en_US
escape	dictionary	en_US
seats	dictionary	en_US
stored	dictionary	en_US
tests	dictionary	en_US
broke	dictionary	en_US
courts	dictionary	en_US
enter	dictionary	en_US
solid	dictionary	en_US
stand	dictionary	en_US
visual	dictionary	en_US
belief	dictionary	en_US
prices	dictionary	en_US
ratio	dictionary	en_US
towns	dictionary	en_US
acting	dictionary	en_US
grown	dictionary	en_US
medium	dictionary	en_US
mixed	dictionary	en_US
nearby	dictionary	en_US
prison	dictionary	en_US
prince	dictionary	en_US
audio	dictionary	en_US
crime	dictionary	en_US
online	dictionary	en_US
strike	dictionary	en_US
styles	dictionary	en_US
tools	dictionary	en_US
unless	dictionary	en_US
obtain	dictionary	en_US
train	dictionary	en_US
varies	dictionary	en_US
budget	dictionary	en_US
chain	dictionary	en_US
ending	dictionary	en_US
review	dictionary	en_US
solar	dictionary	en_US
spirit	dictionary	en_US
thing	dictionary	en_US
yards	dictionary	en_US
apart	dictionary	en_US
artist	dictionary	en_US
copies	dictionary	en_US
cross	dictionary	en_US
logic	dictionary	en_US
script	dictionary	en_US
sports	dictionary	en_US
prime	dictionary	en_US
award	dictionary	en_US
bottom	dictionary	en_US
extent	dictionary	en_US
poetry	dictionary	en_US
adult	dictionary	en_US
armed	dictionary	en_US
brief	dictionary	en_US
chance	dictionary	en_US
false	dictionary	en_US
faster	dictionary	en_US
mobile	dictionary	en_US
store	dictionary	en_US
sugar	dictionary	en_US
desire	dictionary	en_US
moment	dictionary	en_US
moral	dictionary	en_US
moves	dictionary	en_US
outer	dictionary	en_US
scenes	dictionary	en_US
stages	dictionary	en_US
favor	dictionary	en_US
items	dictionary	en_US
liquid	dictionary	en_US
shift	dictionary	en_US
defeat	dictionary	en_US
scheme	dictionary	en_US
losses	dictionary	en_US
merely	dictionary	en_US
votes	dictionary	en_US
branch	dictionary	en_US
deaths	dictionary	en_US
frame	dictionary	en_US
saint	dictionary	en_US
birds	dictionary	en_US
camera	dictionary	en_US
extend	dictionary	en_US
fluid	dictionary	en_US
linear	dictionary	en_US
median	dictionary	en_US
pilot	dictionary	en_US
silver	dictionary	en_US
tells	dictionary	en_US
colors	dictionary	en_US
guitar	dictionary	en_US
linked	dictionary	en_US
mental	dictionary	en_US
skills	dictionary	en_US
speak	dictionary	en_US
taxes	dictionary	en_US
clubs	dictionary	en_US
funds	dictionary	en_US
newly	dictionary	en_US
sample	dictionary	en_US
stock	dictionary	en_US
titles	dictionary	en_US
chose	dictionary	en_US
ideal	dictionary	en_US
listed	dictionary	en_US
lowest	dictionary	en_US
partly	dictionary	en_US
plate	dictionary	en_US
serves	dictionary	en_US
senate	dictionary	en_US
crisis	dictionary	en_US
filled	dictionary	en_US
inner	dictionary	en_US
remove	dictionary	en_US
corps	dictionary	en_US
valley	dictionary	en_US
anyone	dictionary	en_US
define	dictionary	en_US
depth	dictionary	en_US
option	dictionary	en_US
secure	dictionary	en_US
texts	dictionary	en_US
usual	dictionary	en_US
weapon	dictionary	en_US
writer	dictionary	en_US
writes	dictionary	en_US
bound	dictionary	en_US
chief	dictionary	en_US
goals	dictionary	en_US
rapid	dictionary	en_US
seemed	dictionary	en_US
yellow	dictionary	en_US
finite	dictionary	en_US
proof	dictionary	en_US
roads	dictionary	en_US
roots	dictionary	en_US
themes	dictionary	en_US
vision	dictionary	en_US
begun	dictionary	en_US
broken	dictionary	en_US
cancer	dictionary	en_US
circle	dictionary	en_US
couple	dictionary	en_US
empty	dictionary	en_US
gender	dictionary	en_US
sister	dictionary	en_US
vector	dictionary	en_US
easier	dictionary	en_US
ethnic	dictionary	en_US
print	dictionary	en_US
sport	dictionary	en_US
twelve	dictionary	en_US
appeal	dictionary	en_US
choose	dictionary	en_US
joint	dictionary	en_US
losing	dictionary	en_US
senior	dictionary	en_US
tracks	dictionary	en_US
treaty	dictionary	en_US
agents	dictionary	en_US
answer	dictionary	en_US
boats	dictionary	en_US
broad	dictionary	en_US
credit	dictionary	en_US
entry	dictionary	en_US
fired	dictionary	en_US
horses	dictionary	en_US
links	dictionary	en_US
narrow	dictionary	en_US
passes	dictionary	en_US
spoken	dictionary	en_US
campus	dictionary	en_US
duties	dictionary	en_US
finds	dictionary	en_US
notion	dictionary	en_US
opera	dictionary	en_US
papers	dictionary	en_US
random	dictionary	en_US
routes	dictionary	en_US
steps	dictionary	en_US
strict	dictionary	en_US
tasks	dictionary	en_US
varied	dictionary	en_US
genre	dictionary	en_US
noise	dictionary	en_US
rite	dictionary	en_US
accommodate	dictionary	en_US
acquaintance	dictionary	en_US
acquire	dictionary	en_US
apparent	dictionary	en_US
archipelago	dictionary	en_US
arctic	dictionary	en_US
awkward	dictionary	en_US
believe	dictionary	en_US
bureaucracy	dictionary	en_US
catastrophe	dictionary	en_US
cemetery	dictionary	en_US
circumlocution	dictionary	en_US
committee	dictionary	en_US
conscience	dictionary	en_US
controversy	dictionary	en_US
definite	dictionary	en_US
definitely	dictionary	en_US
dilemma	dictionary	en_US
embarrass	dictionary	en_US
entrepreneur	dictionary	en_US
exaggerate	dictionary	en_US
fluorescent	dictionary	en_US
foreign	dictionary	en_US
fulfill	dictionary	en_US
guarantee	dictionary	en_US
harass	dictionary	en_US
hierarchy	dictionary	en_US
humorous	dictionary	en_US
immediately	dictionary	en_US
independent	dictionary	en_US
irresistible	dictionary	en_US
jewelry	dictionary	en_US
judgment	dictionary	en_US
juxtaposition	dictionary	en_US
leisure	dictionary	en_US
license	dictionary	en_US
maintenance	dictionary	en_US
millennium	dictionary	en_US
mischievous	dictionary	en_US
necessary	dictionary	en_US
neighbor	dictionary	en_US
occurrence	dictionary	en_US
phenomenon	dictionary	en_US
privilege	dictionary	en_US
protagonist	dictionary	en_US
questionnaire	dictionary	en_US
restaurant	dictionary	en_US
rhythm	dictionary	en_US
separate	dictionary	en_US
vacuum	dictionary	en_US
citation	dictionary	en_US
between	dictionary	en_US
through	dictionary	en_US
however	dictionary	en_US
convert	dictionary	en_US
because	dictionary	en_US
several	dictionary	en_US
example	dictionary	en_US
century	dictionary	en_US
against	dictionary	en_US
usually	dictionary	en_US
without	dictionary	en_US
another	dictionary	en_US
support	dictionary	en_US
members	dictionary	en_US
country	dictionary	en_US
control	dictionary	en_US
systems	dictionary	en_US
process	dictionary	en_US
include	dictionary	en_US
various	dictionary	en_US
although	dictionary	en_US
original	dictionary	en_US
similar	dictionary	en_US
general	dictionary	en_US
popular	dictionary	en_US
further	dictionary	en_US
million	dictionary	en_US
military	dictionary	en_US
possible	dictionary	en_US
history	dictionary	en_US
created	dictionary	en_US
released	dictionary	en_US
himself	dictionary	en_US
service	dictionary	en_US
addition	dictionary	en_US
written	dictionary	en_US
produced	dictionary	en_US
national	dictionary	en_US
largest	dictionary	en_US
required	dictionary	en_US
species	dictionary	en_US
included	dictionary	en_US
version	dictionary	en_US
standard	dictionary	en_US
position	dictionary	en_US
provide	dictionary	en_US
average	dictionary	en_US
together	dictionary	en_US
certain	dictionary	en_US
present	dictionary	en_US
surface	dictionary	en_US
numbers	dictionary	en_US
received	dictionary	en_US
allowed	dictionary	en_US
thought	dictionary	en_US
natural	dictionary	en_US
provided	dictionary	en_US
economic	dictionary	en_US
company	dictionary	en_US
instead	dictionary	en_US
current	dictionary	en_US
aircraft	dictionary	en_US
program	dictionary	en_US
changes	dictionary	en_US
special	dictionary	en_US
outside	dictionary	en_US
followed	dictionary	en_US
function	dictionary	en_US
increase	dictionary	en_US
material	dictionary	en_US
designed	dictionary	en_US
problems	dictionary	en_US
produce	dictionary	en_US
services	dictionary	en_US
research	dictionary	en_US
started	dictionary	en_US
pressure	dictionary	en_US
returned	dictionary	en_US
leading	dictionary	en_US
results	dictionary	en_US
meaning	dictionary	en_US
problem	dictionary	en_US
practice	dictionary	en_US
limited	dictionary	en_US
movement	dictionary	en_US
official	dictionary	en_US
referred	dictionary	en_US
believed	dictionary	en_US
network	dictionary	en_US
students	dictionary	en_US
specific	dictionary	en_US
subject	dictionary	en_US
remained	dictionary	en_US
directly	dictionary	en_US
evidence	dictionary	en_US
culture	dictionary	en_US
elements	dictionary	en_US
features	dictionary	en_US
working	dictionary	en_US
already	dictionary	en_US
complex	dictionary	en_US
commonly	dictionary	en_US
includes	dictionary	en_US
located	dictionary	en_US
whether	dictionary	en_US
success	dictionary	en_US
interest	dictionary	en_US
decided	dictionary	en_US
appeared	dictionary	en_US
writing	dictionary	en_US
brought	dictionary	en_US
smaller	dictionary	en_US
effects	dictionary	en_US
private	dictionary	en_US
earlier	dictionary	en_US
players	dictionary	en_US
involved	dictionary	en_US
majority	dictionary	en_US
physical	dictionary	en_US
variety	dictionary	en_US
central	dictionary	en_US
complete	dictionary	en_US
related	dictionary	en_US
industry	dictionary	en_US
percent	dictionary	en_US
changed	dictionary	en_US
remains	dictionary	en_US
primary	dictionary	en_US
society	dictionary	en_US
recorded	dictionary	en_US
council	dictionary	en_US
science	dictionary	en_US
multiple	dictionary	en_US
schools	dictionary	en_US
greater	dictionary	en_US
products	dictionary	en_US
reported	dictionary	en_US
software	dictionary	en_US
western	dictionary	en_US
previous	dictionary	en_US
attempt	dictionary	en_US
provides	dictionary	en_US
regular	dictionary	en_US
release	dictionary	en_US
methods	dictionary	en_US
towards	dictionary	en_US
contains	dictionary	en_US
sources	dictionary	en_US
capital	dictionary	en_US
replaced	dictionary	en_US
elected	dictionary	en_US
applied	dictionary	en_US
defined	dictionary	en_US
personal	dictionary	en_US
response	dictionary	en_US
highest	dictionary	en_US
property	dictionary	en_US
actually	dictionary	en_US
distance	dictionary	en_US
quickly	dictionary	en_US
ancient	dictionary	en_US
continue	dictionary	en_US
project	dictionary	en_US
carried	dictionary	en_US
edition	dictionary	en_US
product	dictionary	en_US
quality	dictionary	en_US
programs	dictionary	en_US
intended	dictionary	en_US
appears	dictionary	en_US
objects	dictionary	en_US
campaign	dictionary	en_US
despite	dictionary	en_US
economy	dictionary	en_US
expected	dictionary	en_US
founded	dictionary	en_US
playing	dictionary	en_US
northern	dictionary	en_US
ability	dictionary	en_US
analysis	dictionary	en_US
numerous	dictionary	en_US
prevent	dictionary	en_US
approach	dictionary	en_US
reduced	dictionary	en_US
concept	dictionary	en_US
studies	dictionary	en_US
require	dictionary	en_US
training	dictionary	en_US
adopted	dictionary	en_US
contrast	dictionary	en_US
offered	dictionary	en_US
probably	dictionary	en_US
becomes	dictionary	en_US
reached	dictionary	en_US
compared	dictionary	en_US
divided	dictionary	en_US
parties	dictionary	en_US
southern	dictionary	en_US
largely	dictionary	en_US
married	dictionary	en_US
proposed	dictionary	en_US
account	dictionary	en_US
decision	dictionary	en_US
activity	dictionary	en_US
section	dictionary	en_US
accepted	dictionary	en_US
marriage	dictionary	en_US
content	dictionary	en_US
internal	dictionary	en_US
letters	dictionary	en_US
regions	dictionary	en_US
running	dictionary	en_US
stories	dictionary	en_US
kingdom	dictionary	en_US
versions	dictionary	en_US
soldiers	dictionary	en_US
location	dictionary	en_US
element	dictionary	en_US
initial	dictionary	en_US
nuclear	dictionary	en_US
animals	dictionary	en_US
workers	dictionary	en_US
billion	dictionary	en_US
cultural	dictionary	en_US
devices	dictionary	en_US
instance	dictionary	en_US
daughter	dictionary	en_US
growing	dictionary	en_US
extended	dictionary	en_US
feature	dictionary	en_US
musical	dictionary	en_US
negative	dictionary	en_US
refused	dictionary	en_US
removed	dictionary	en_US
medical	dictionary	en_US
observed	dictionary	en_US
requires	dictionary	en_US
claimed	dictionary	en_US
positive	dictionary	en_US
congress	dictionary	en_US
critical	dictionary	en_US
article	dictionary	en_US
security	dictionary	en_US
address	dictionary	en_US
becoming	dictionary	en_US
efforts	dictionary	en_US
contact	dictionary	en_US
station	dictionary	en_US
allowing	dictionary	en_US
finally	dictionary	en_US
ordered	dictionary	en_US
combined	dictionary	en_US
recently	dictionary	en_US
internet	dictionary	en_US
contain	dictionary	en_US
serious	dictionary	en_US
powerful	dictionary	en_US
disease	dictionary	en_US
election	dictionary	en_US
resulted	dictionary	en_US
friends	dictionary	en_US
maximum	dictionary	en_US
develop	dictionary	en_US
leaving	dictionary	en_US
behavior	dictionary	en_US
conflict	dictionary	en_US
purpose	dictionary	en_US
reading	dictionary	en_US
weapons	dictionary	en_US
families	dictionary	en_US
featured	dictionary	en_US
meeting	dictionary	en_US
relative	dictionary	en_US
minutes	dictionary	en_US
attempts	dictionary	en_US
presence	dictionary	en_US
slightly	dictionary	en_US
electric	dictionary	en_US
episode	dictionary	en_US
federal	dictionary	en_US
parents	dictionary	en_US
somewhat	dictionary	en_US
constant	dictionary	en_US
existing	dictionary	en_US
perform	dictionary	en_US
strength	dictionary	en_US
officers	dictionary	en_US
opening	dictionary	en_US
projects	dictionary	en_US
capacity	dictionary	en_US
external	dictionary	en_US
reaction	dictionary	en_US
receive	dictionary	en_US
composed	dictionary	en_US
solution	dictionary	en_US
entirely	dictionary	en_US
failure	dictionary	en_US
reasons	dictionary	en_US
sequence	dictionary	en_US
stations	dictionary	en_US
attacks	dictionary	en_US
classes	dictionary	en_US
domestic	dictionary	en_US
leaders	dictionary	en_US
perhaps	dictionary	en_US
consists	dictionary	en_US
exchange	dictionary	en_US
nothing	dictionary	en_US
citizens	dictionary	en_US
command	dictionary	en_US
mission	dictionary	en_US
records	dictionary	en_US
digital	dictionary	en_US
factors	dictionary	en_US
magnetic	dictionary	en_US
starting	dictionary	en_US
examples	dictionary	en_US
occurred	dictionary	en_US
college	dictionary	en_US
rapidly	dictionary	en_US
unknown	dictionary	en_US
advanced	dictionary	en_US
display	dictionary	en_US
distinct	dictionary	en_US
overall	dictionary	en_US
measure	dictionary	en_US
measured	dictionary	en_US
protect	dictionary	en_US
eastern	dictionary	en_US
expanded	dictionary	en_US
normally	dictionary	en_US
engines	dictionary	en_US
entered	dictionary	en_US
actions	dictionary	en_US
typical	dictionary	en_US
chemical	dictionary	en_US
creating	dictionary	en_US
creation	dictionary	en_US
derived	dictionary	en_US
fighting	dictionary	en_US
operate	dictionary	en_US
reality	dictionary	en_US
causing	dictionary	en_US
contract	dictionary	en_US
managed	dictionary	en_US
audience	dictionary	en_US
covered	dictionary	en_US
decades	dictionary	en_US
division	dictionary	en_US
greatly	dictionary	en_US
regarded	dictionary	en_US
journal	dictionary	en_US
context	dictionary	en_US
opposed	dictionary	en_US
republic	dictionary	en_US
designs	dictionary	en_US
maintain	dictionary	en_US
forward	dictionary	en_US
planned	dictionary	en_US
student	dictionary	en_US
catholic	dictionary	en_US
affected	dictionary	en_US
captured	dictionary	en_US
showing	dictionary	en_US
granted	dictionary	en_US
islands	dictionary	en_US
machines	dictionary	en_US
directed	dictionary	en_US
finished	dictionary	en_US
pattern	dictionary	en_US
purposes	dictionary	en_US
rejected	dictionary	en_US
artists	dictionary	en_US
declared	dictionary	en_US
magazine	dictionary	en_US
religion	dictionary	en_US
visited	dictionary	en_US
achieved	dictionary	en_US
defense	dictionary	en_US
identity	dictionary	en_US
patterns	dictionary	en_US
signals	dictionary	en_US
arrived	dictionary	en_US
consider	dictionary	en_US
capable	dictionary	en_US
figures	dictionary	en_US
hardware	dictionary	en_US
message	dictionary	en_US
minister	dictionary	en_US
freedom	dictionary	en_US
improved	dictionary	en_US
aspects	dictionary	en_US
details	dictionary	en_US
setting	dictionary	en_US
depends	dictionary	en_US
indicate	dictionary	en_US
launched	dictionary	en_US
possibly	dictionary	en_US
traffic	dictionary	en_US
describe	dictionary	en_US
fiction	dictionary	en_US
heavily	dictionary	en_US
visible	dictionary	en_US
closely	dictionary	en_US
employed	dictionary	en_US
follows	dictionary	en_US
improve	dictionary	en_US
neither	dictionary	en_US
suggests	dictionary	en_US
attached	dictionary	en_US
critics	dictionary	en_US
dropped	dictionary	en_US
scholars	dictionary	en_US
vehicles	dictionary	en_US
greatest	dictionary	en_US
channel	dictionary	en_US
focused	dictionary	en_US
operated	dictionary	en_US
inspired	dictionary	en_US
periods	dictionary	en_US
regional	dictionary	en_US
winning	dictionary	en_US
suffered	dictionary	en_US
accounts	dictionary	en_US
awarded	dictionary	en_US
correct	dictionary	en_US
measures	dictionary	en_US
printed	dictionary	en_US
selected	dictionary	en_US
treated	dictionary	en_US
authors	dictionary	en_US
involves	dictionary	en_US
storage	dictionary	en_US
theories	dictionary	en_US
markets	dictionary	en_US
opposite	dictionary	en_US
violence	dictionary	en_US
director	dictionary	en_US
prepared	dictionary	en_US
transfer	dictionary	en_US
achieve	dictionary	en_US
nations	dictionary	en_US
strongly	dictionary	en_US
academy	dictionary	en_US
benefit	dictionary	en_US
climate	dictionary	en_US
policies	dictionary	en_US
quantum	dictionary	en_US
reports	dictionary	en_US
standing	dictionary	en_US
testing	dictionary	en_US
episodes	dictionary	en_US
argument	dictionary	en_US
modified	dictionary	en_US
respect	dictionary	en_US
strategy	dictionary	en_US
anything	dictionary	en_US
churches	dictionary	en_US
notable	dictionary	en_US
obtained	dictionary	en_US
victory	dictionary	en_US
circuit	dictionary	en_US
degrees	dictionary	en_US
hundred	dictionary	en_US
concepts	dictionary	en_US
detailed	dictionary	en_US
politics	dictionary	en_US
assigned	dictionary	en_US
balance	dictionary	en_US
minimum	dictionary	en_US
parallel	dictionary	en_US
request	dictionary	en_US
academic	dictionary	en_US
patients	dictionary	en_US
opinion	dictionary	en_US
windows	dictionary	en_US
changing	dictionary	en_US
cultures	dictionary	en_US
football	dictionary	en_US
protein	dictionary	en_US
voltage	dictionary	en_US
whereas	dictionary	en_US
exactly	dictionary	en_US
portion	dictionary	en_US
vehicle	dictionary	en_US
accused	dictionary	en_US
earliest	dictionary	en_US
existed	dictionary	en_US
networks	dictionary	en_US
teaching	dictionary	en_US
emperor	dictionary	en_US
concern	dictionary	en_US
decline	dictionary	en_US
defeated	dictionary	en_US
hundreds	dictionary	en_US
younger	dictionary	en_US
acquired	dictionary	en_US
formula	dictionary	en_US
learned	dictionary	en_US
learning	dictionary	en_US
literary	dictionary	en_US
speaking	dictionary	en_US
accurate	dictionary	en_US
amounts	dictionary	en_US
progress	dictionary	en_US
adapted	dictionary	en_US
articles	dictionary	en_US
housing	dictionary	en_US
looking	dictionary	en_US
sections	dictionary	en_US
shortly	dictionary	en_US
weather	dictionary	en_US
arranged	dictionary	en_US
attended	dictionary	en_US
extreme	dictionary	en_US
holding	dictionary	en_US
identify	dictionary	en_US
morning	dictionary	en_US
passing	dictionary	en_US
theorem	dictionary	en_US
thousand	dictionary	en_US
universe	dictionary	en_US
assumed	dictionary	en_US
district	dictionary	en_US
electron	dictionary	en_US
hydrogen	dictionary	en_US
seasons	dictionary	en_US
straight	dictionary	en_US
studied	dictionary	en_US
concerns	dictionary	en_US
evolved	dictionary	en_US
mounted	dictionary	en_US
produces	dictionary	en_US
repeated	dictionary	en_US
replace	dictionary	en_US
trading	dictionary	en_US
document	dictionary	en_US
matters	dictionary	en_US
proteins	dictionary	en_US
reducing	dictionary	en_US
revealed	dictionary	en_US
roughly	dictionary	en_US
seconds	dictionary	en_US
writings	dictionary	en_US
suitable	dictionary	en_US
husband	dictionary	en_US
planning	dictionary	en_US
serving	dictionary	en_US
symptoms	dictionary	en_US
advance	dictionary	en_US
supplies	dictionary	en_US
writers	dictionary	en_US
charged	dictionary	en_US
criminal	dictionary	en_US
landing	dictionary	en_US
capture	dictionary	en_US
interior	dictionary	en_US
persons	dictionary	en_US
someone	dictionary	en_US
concrete	dictionary	en_US
density	dictionary	en_US
officer	dictionary	en_US
platform	dictionary	en_US
boundary	dictionary	en_US
carrying	dictionary	en_US
category	dictionary	en_US
declined	dictionary	en_US
illegal	dictionary	en_US
perfect	dictionary	en_US
promote	dictionary	en_US
survive	dictionary	en_US
assembly	dictionary	en_US
benefits	dictionary	en_US
sentence	dictionary	en_US
subjects	dictionary	en_US
approved	dictionary	en_US
brothers	dictionary	en_US
executed	dictionary	en_US
getting	dictionary	en_US
relation	dictionary	en_US
uniform	dictionary	en_US
vessels	dictionary	en_US
females	dictionary	en_US
suggest	dictionary	en_US
symbols	dictionary	en_US
vertical	dictionary	en_US
village	dictionary	en_US
absence	dictionary	en_US
affairs	dictionary	en_US
ceremony	dictionary	en_US
equipped	dictionary	en_US
explain	dictionary	en_US
historic	dictionary	en_US
missile	dictionary	en_US
absolute	dictionary	en_US
channels	dictionary	en_US
clearly	dictionary	en_US
finding	dictionary	en_US
herself	dictionary	en_US
killing	dictionary	en_US
reaching	dictionary	en_US
rotation	dictionary	en_US
strings	dictionary	en_US
supports	dictionary	en_US
quarter	dictionary	en_US
attacked	dictionary	en_US
genetic	dictionary	en_US
invasion	dictionary	en_US
printing	dictionary	en_US
speakers	dictionary	en_US
velocity	dictionary	en_US
arrested	dictionary	en_US
concert	dictionary	en_US
downtown	dictionary	en_US
entitled	dictionary	en_US
infantry	dictionary	en_US
massive	dictionary	en_US
meetings	dictionary	en_US
missions	dictionary	en_US
reforms	dictionary	en_US
survived	dictionary	en_US
thereby	dictionary	en_US
thermal	dictionary	en_US
victims	dictionary	en_US
beliefs	dictionary	en_US
classic	dictionary	en_US
doctrine	dictionary	en_US
forming	dictionary	en_US
moreover	dictionary	en_US
engaged	dictionary	en_US
equation	dictionary	en_US
retained	dictionary	en_US
fashion	dictionary	en_US
fishing	dictionary	en_US
invited	dictionary	en_US
supreme	dictionary	en_US
charges	dictionary	en_US
compact	dictionary	en_US
damaged	dictionary	en_US
demands	dictionary	en_US
desired	dictionary	en_US
diameter	dictionary	en_US
exposed	dictionary	en_US
exposure	dictionary	en_US
frequent	dictionary	en_US
hunting	dictionary	en_US
particle	dictionary	en_US
physics	dictionary	en_US
producer	dictionary	en_US
unusual	dictionary	en_US
calling	dictionary	en_US
invented	dictionary	en_US
ordinary	dictionary	en_US
passage	dictionary	en_US
purchase	dictionary	en_US
railway	dictionary	en_US
entering	dictionary	en_US
exports	dictionary	en_US
funding	dictionary	en_US
hearing	dictionary	en_US
involve	dictionary	en_US
lifetime	dictionary	en_US
organic	dictionary	en_US
retired	dictionary	en_US
variable	dictionary	en_US
drawing	dictionary	en_US
enjoyed	dictionary	en_US
farmers	dictionary	en_US
generate	dictionary	en_US
mixture	dictionary	en_US
offices	dictionary	en_US
proposal	dictionary	en_US
orthodox	dictionary	en_US
alcohol	dictionary	en_US
graphics	dictionary	en_US
grounds	dictionary	en_US
manager	dictionary	en_US
applies	dictionary	en_US
approval	dictionary	en_US
controls	dictionary	en_US
depicted	dictionary	en_US
driving	dictionary	en_US
plastic	dictionary	en_US
surfaces	dictionary	en_US
targets	dictionary	en_US
thinking	dictionary	en_US
chapter	dictionary	en_US
circuits	dictionary	en_US
covering	dictionary	en_US
medicine	dictionary	en_US
notably	dictionary	en_US
poverty	dictionary	en_US
shorter	dictionary	en_US
spectrum	dictionary	en_US
stopped	dictionary	en_US
turning	dictionary	en_US
accuracy	dictionary	en_US
bacteria	dictionary	en_US
columns	dictionary	en_US
conduct	dictionary	en_US
creates	dictionary	en_US
delivery	dictionary	en_US
demanded	dictionary	en_US
dominant	dictionary	en_US
keeping	dictionary	en_US
occupied	dictionary	en_US
slavery	dictionary	en_US
teacher	dictionary	en_US
volumes	dictionary	en_US
airport	dictionary	en_US
annually	dictionary	en_US
decrease	dictionary	en_US
destroy	dictionary	en_US
dispute	dictionary	en_US
enemies	dictionary	en_US
happened	dictionary	en_US
partial	dictionary	en_US
patient	dictionary	en_US
protocol	dictionary	en_US
quantity	dictionary	en_US
radical	dictionary	en_US
recovery	dictionary	en_US
revenue	dictionary	en_US
settled	dictionary	en_US
drinking	dictionary	en_US
illness	dictionary	en_US
millions	dictionary	en_US
reflect	dictionary	en_US
seeking	dictionary	en_US
bringing	dictionary	en_US
database	dictionary	en_US
dollars	dictionary	en_US
messages	dictionary	en_US
reverse	dictionary	en_US
superior	dictionary	en_US
villages	dictionary	en_US
visitors	dictionary	en_US
warning	dictionary	en_US
creative	dictionary	en_US
diverse	dictionary	en_US
equally	dictionary	en_US
express	dictionary	en_US
formally	dictionary	en_US
formerly	dictionary	en_US
incident	dictionary	en_US
missiles	dictionary	en_US
offering	dictionary	en_US
pare	dictionary	en_US
wright	dictionary	en_US
aberration	dictionary	en_US
amanuensis	dictionary	en_US
anachronism	dictionary	en_US
apotheosis	dictionary	en_US
bourgeoisie	dictionary	en_US
brouhaha	dictionary	en_US
cacophony	dictionary	en_US
chiaroscuro	dictionary	en_US
chrysanthemum	dictionary	en_US
colonel	dictionary	en_US
connoisseur	dictionary	en_US
conscientious	dictionary	en_US
ebullient	dictionary	en_US
ecclesiastical	dictionary	en_US
ephemeral	dictionary	en_US
epitome	dictionary	en_US
esoteric	dictionary	en_US
fuchsia	dictionary	en_US
gauge	dictionary	en_US
gregarious	dictionary	en_US
hyperbole	dictionary	en_US
idiosyncrasy	dictionary	en_US
inchoate	dictionary	en_US
insouciant	dictionary	en_US
isthmus	dictionary	en_US
kaleidoscope	dictionary	en_US
kowtow	dictionary	en_US
labyrinth	dictionary	en_US
liaison	dictionary	en_US
lieutenant	dictionary	en_US
maneuver	dictionary	en_US
mnemonic	dictionary	en_US
obfuscate	dictionary	en_US
onomatopoeia	dictionary	en_US
paradigm	dictionary	en_US
perspicacious	dictionary	en_US
pneumonia	dictionary	en_US
prestidigitation	dictionary	en_US
quinoa	dictionary	en_US
quintessential	dictionary	en_US
rendezvous	dictionary	en_US
sacrilegious	dictionary	en_US
schadenfreude	dictionary	en_US
silhouette	dictionary	en_US
soliloquy	dictionary	en_US
succinct	dictionary	en_US
surveillance	dictionary	en_US
yacht	dictionary	en_US
zephyr	dictionary	en_US
different	dictionary	en_US
government	dictionary	en_US
including	dictionary	en_US
considered	dictionary	en_US
political	dictionary	en_US
following	dictionary	en_US
published	dictionary	en_US
countries	dictionary	en_US
university	dictionary	en_US
development	dictionary	en_US
developed	dictionary	en_US
population	dictionary	en_US
production	dictionary	en_US
sometimes	dictionary	en_US
generally	dictionary	en_US
continued	dictionary	en_US
available	dictionary	en_US
information	dictionary	en_US
especially	dictionary	en_US
typically	dictionary	en_US
throughout	dictionary	en_US
international	dictionary	en_US
particular	dictionary	en_US
described	dictionary	en_US
according	dictionary	en_US
significant	dictionary	en_US
traditional	dictionary	en_US
established	dictionary	en_US
structure	dictionary	en_US
increased	dictionary	en_US
character	dictionary	en_US
languages	dictionary	en_US
president	dictionary	en_US
introduced	dictionary	en_US
temperature	dictionary	en_US
themselves	dictionary	en_US
influence	dictionary	en_US
television	dictionary	en_US
performance	dictionary	en_US
particularly	dictionary	en_US
religious	dictionary	en_US
characters	dictionary	en_US
individual	dictionary	en_US
education	dictionary	en_US
difficult	dictionary	en_US
conditions	dictionary	en_US
community	dictionary	en_US
eventually	dictionary	en_US
associated	dictionary	en_US
beginning	dictionary	en_US
successful	dictionary	en_US
relatively	dictionary	en_US
construction	dictionary	en_US
relationship	dictionary	en_US
technology	dictionary	en_US
therefore	dictionary	en_US
additional	dictionary	en_US
performed	dictionary	en_US
companies	dictionary	en_US
operations	dictionary	en_US
commercial	dictionary	en_US
direction	dictionary	en_US
approximately	dictionary	en_US
frequently	dictionary	en_US
originally	dictionary	en_US
completed	dictionary	en_US
supported	dictionary	en_US
functions	dictionary	en_US
materials	dictionary	en_US
individuals	dictionary	en_US
knowledge	dictionary	en_US
potential	dictionary	en_US
equipment	dictionary	en_US
experience	dictionary	en_US
estimated	dictionary	en_US
financial	dictionary	en_US
resulting	dictionary	en_US
activities	dictionary	en_US
announced	dictionary	en_US
scientific	dictionary	en_US
increasing	dictionary	en_US
operating	dictionary	en_US
discovered	dictionary	en_US
operation	dictionary	en_US
techniques	dictionary	en_US
remaining	dictionary	en_US
historical	dictionary	en_US
relations	dictionary	en_US
treatment	dictionary	en_US
applications	dictionary	en_US
buildings	dictionary	en_US
completely	dictionary	en_US
connected	dictionary	en_US
primarily	dictionary	en_US
tradition	dictionary	en_US
appointed	dictionary	en_US
definition	dictionary	en_US
properties	dictionary	en_US
reference	dictionary	en_US
frequency	dictionary	en_US
centuries	dictionary	en_US
effective	dictionary	en_US
management	dictionary	en_US
positions	dictionary	en_US
distribution	dictionary	en_US
determined	dictionary	en_US
responsible	dictionary	en_US
something	dictionary	en_US
currently	dictionary	en_US
suggested	dictionary	en_US
agreement	dictionary	en_US
organization	dictionary	en_US
presented	dictionary	en_US
structures	dictionary	en_US
application	dictionary	en_US
differences	dictionary	en_US
environment	dictionary	en_US
initially	dictionary	en_US
represented	dictionary	en_US
resources	dictionary	en_US
previously	dictionary	en_US
authority	dictionary	en_US
technique	dictionary	en_US
appearance	dictionary	en_US
determine	dictionary	en_US
significantly	dictionary	en_US
collection	dictionary	en_US
existence	dictionary	en_US
extremely	dictionary	en_US
components	dictionary	en_US
protection	dictionary	en_US
situation	dictionary	en_US
difference	dictionary	en_US
equivalent	dictionary	en_US
advantage	dictionary	en_US
professional	dictionary	en_US
literature	dictionary	en_US
recognized	dictionary	en_US
standards	dictionary	en_US
transport	dictionary	en_US
condition	dictionary	en_US
philosophy	dictionary	en_US
attempted	dictionary	en_US
temperatures	dictionary	en_US
alternative	dictionary	en_US
identified	dictionary	en_US
processes	dictionary	en_US
resistance	dictionary	en_US
attention	dictionary	en_US
constructed	dictionary	en_US
expressed	dictionary	en_US
increases	dictionary	en_US
communication	dictionary	en_US
depending	dictionary	en_US
increasingly	dictionary	en_US
maintained	dictionary	en_US
combination	dictionary	en_US
communities	dictionary	en_US
competition	dictionary	en_US
organizations	dictionary	en_US
radiation	dictionary	en_US
officials	dictionary	en_US
particles	dictionary	en_US
providing	dictionary	en_US
thousands	dictionary	en_US
understanding	dictionary	en_US
department	dictionary	en_US
developing	dictionary	en_US
organized	dictionary	en_US
regarding	dictionary	en_US
controlled	dictionary	en_US
surrounding	dictionary	en_US
worldwide	dictionary	en_US
architecture	dictionary	en_US
territory	dictionary	en_US
continues	dictionary	en_US
recording	dictionary	en_US
represent	dictionary	en_US
translation	dictionary	en_US
influenced	dictionary	en_US
mentioned	dictionary	en_US
extensive	dictionary	en_US
expansion	dictionary	en_US
secondary	dictionary	en_US
otherwise	dictionary	en_US
effectively	dictionary	en_US
formation	dictionary	en_US
conducted	dictionary	en_US
statement	dictionary	en_US
classical	dictionary	en_US
practical	dictionary	en_US
elections	dictionary	en_US
importance	dictionary	en_US
principle	dictionary	en_US
specifically	dictionary	en_US
containing	dictionary	en_US
destroyed	dictionary	en_US
engineering	dictionary	en_US
popularity	dictionary	en_US
publication	dictionary	en_US
connection	dictionary	en_US
subsequent	dictionary	en_US
association	dictionary	en_US
generation	dictionary	en_US
broadcast	dictionary	en_US
institute	dictionary	en_US
composition	dictionary	en_US
officially	dictionary	en_US
administration	dictionary	en_US
characteristics	dictionary	en_US
incorporated	dictionary	en_US
industrial	dictionary	en_US
institutions	dictionary	en_US
instruments	dictionary	en_US
describes	dictionary	en_US
residents	dictionary	en_US
contemporary	dictionary	en_US
practices	dictionary	en_US
establish	dictionary	en_US
leadership	dictionary	en_US
computers	dictionary	en_US
expression	dictionary	en_US
interests	dictionary	en_US
producing	dictionary	en_US
opposition	dictionary	en_US
processing	dictionary	en_US
technical	dictionary	en_US
transmission	dictionary	en_US
environmental	dictionary	en_US
instrument	dictionary	en_US
translated	dictionary	en_US
contained	dictionary	en_US
facilities	dictionary	en_US
requirements	dictionary	en_US
background	dictionary	en_US
dedicated	dictionary	en_US
impossible	dictionary	en_US
introduction	dictionary	en_US
component	dictionary	en_US
expensive	dictionary	en_US
explained	dictionary	en_US
questions	dictionary	en_US
represents	dictionary	en_US
movements	dictionary	en_US
continuous	dictionary	en_US
criticism	dictionary	en_US
relationships	dictionary	en_US
atmosphere	dictionary	en_US
electronic	dictionary	en_US
reputation	dictionary	en_US
variations	dictionary	en_US
programming	dictionary	en_US
substantial	dictionary	en_US
successfully	dictionary	en_US
electrical	dictionary	en_US
gradually	dictionary	en_US
independence	dictionary	en_US
investment	dictionary	en_US
molecules	dictionary	en_US
abandoned	dictionary	en_US
generated	dictionary	en_US
documents	dictionary	en_US
personnel	dictionary	en_US
resolution	dictionary	en_US
experienced	dictionary	en_US
opportunity	dictionary	en_US
algorithm	dictionary	en_US
household	dictionary	en_US
understand	dictionary	en_US
essential	dictionary	en_US
everything	dictionary	en_US
instructions	dictionary	en_US
permanent	dictionary	en_US
succeeded	dictionary	en_US
appropriate	dictionary	en_US
categories	dictionary	en_US
compounds	dictionary	en_US
distributed	dictionary	en_US
intelligence	dictionary	en_US
ultimately	dictionary	en_US
description	dictionary	en_US
preferred	dictionary	en_US
principles	dictionary	en_US
implemented	dictionary	en_US
integrated	dictionary	en_US
occasionally	dictionary	en_US
references	dictionary	en_US
representation	dictionary	en_US
widespread	dictionary	en_US
contributed	dictionary	en_US
conventional	dictionary	en_US
exception	dictionary	en_US
governments	dictionary	en_US
performances	dictionary	en_US
separated	dictionary	en_US
subsequently	dictionary	en_US
efficient	dictionary	en_US
understood	dictionary	en_US
additionally	dictionary	en_US
authorities	dictionary	en_US
mechanical	dictionary	en_US
receiving	dictionary	en_US
locations	dictionary	en_US
converted	dictionary	en_US
experiments	dictionary	en_US
immediate	dictionary	en_US
legislation	dictionary	en_US
reduction	dictionary	en_US
transition	dictionary	en_US
considerable	dictionary	en_US
decisions	dictionary	en_US
designated	dictionary	en_US
electrons	dictionary	en_US
involving	dictionary	en_US
solutions	dictionary	en_US
sufficient	dictionary	en_US
traditions	dictionary	en_US
concluded	dictionary	en_US
prominent	dictionary	en_US
spiritual	dictionary	en_US
nevertheless	dictionary	en_US
executive	dictionary	en_US
fundamental	dictionary	en_US
performing	dictionary	en_US
returning	dictionary	en_US
selection	dictionary	en_US
parliament	dictionary	en_US
circumstances	dictionary	en_US
dependent	dictionary	en_US
mechanism	dictionary	en_US
mountains	dictionary	en_US
discussion	dictionary	en_US
conference	dictionary	en_US
delivered	dictionary	en_US
installed	dictionary	en_US
necessarily	dictionary	en_US
concerned	dictionary	en_US
implementation	dictionary	en_US
interpretation	dictionary	en_US
interview	dictionary	en_US
manufacturing	dictionary	en_US
candidates	dictionary	en_US
experiment	dictionary	en_US
populations	dictionary	en_US
respectively	dictionary	en_US
restricted	dictionary	en_US
specified	dictionary	en_US
classified	dictionary	en_US
confirmed	dictionary	en_US
mathematical	dictionary	en_US
supporting	dictionary	en_US
corresponding	dictionary	en_US
dangerous	dictionary	en_US
efficiency	dictionary	en_US
membership	dictionary	en_US
possibility	dictionary	en_US
purchased	dictionary	en_US
commission	dictionary	en_US
attributed	dictionary	en_US
committed	dictionary	en_US
communications	dictionary	en_US
discussed	dictionary	en_US
distinction	dictionary	en_US
divisions	dictionary	en_US
identical	dictionary	en_US
infrastructure	dictionary	en_US
organisms	dictionary	en_US
administrative	dictionary	en_US
agricultural	dictionary	en_US
convention	dictionary	en_US
evolution	dictionary	en_US
historians	dictionary	en_US
interested	dictionary	en_US
interface	dictionary	en_US
paintings	dictionary	en_US
transportation	dictionary	en_US
furthermore	dictionary	en_US
collected	dictionary	en_US
concentration	dictionary	en_US
consistent	dictionary	en_US
consumption	dictionary	en_US
conversion	dictionary	en_US
participation	dictionary	en_US
recommended	dictionary	en_US
stability	dictionary	en_US
apparently	dictionary	en_US
artillery	dictionary	en_US
businesses	dictionary	en_US
electricity	dictionary	en_US
encouraged	dictionary	en_US
experimental	dictionary	en_US
instruction	dictionary	en_US
interaction	dictionary	en_US
permitted	dictionary	en_US
settlement	dictionary	en_US
challenge	dictionary	en_US
configuration	dictionary	en_US
essentially	dictionary	en_US
indicated	dictionary	en_US
participate	dictionary	en_US
probability	dictionary	en_US
comparison	dictionary	en_US
criticized	dictionary	en_US
influential	dictionary	en_US
observation	dictionary	en_US
principal	dictionary	en_US
recognition	dictionary	en_US
researchers	dictionary	en_US
scientists	dictionary	en_US
surviving	dictionary	en_US
assistance	dictionary	en_US
consisting	dictionary	en_US
constitution	dictionary	en_US
distinguished	dictionary	en_US
extension	dictionary	en_US
featuring	dictionary	en_US
newspaper	dictionary	en_US
universal	dictionary	en_US
boundaries	dictionary	en_US
demonstrated	dictionary	en_US
specialized	dictionary	en_US
biological	dictionary	en_US
characteristic	dictionary	en_US
foundation	dictionary	en_US
hypothesis	dictionary	en_US
procedure	dictionary	en_US
protected	dictionary	en_US
reflected	dictionary	en_US
responded	dictionary	en_US
suffering	dictionary	en_US
temporary	dictionary	en_US
similarly	dictionary	en_US
elsewhere	dictionary	en_US
objective	dictionary	en_US
partially	dictionary	en_US
percentage	dictionary	en_US
representing	dictionary	en_US
responsibility	dictionary	en_US
substance	dictionary	en_US
revolution	dictionary	en_US
approaches	dictionary	en_US
beautiful	dictionary	en_US
connections	dictionary	en_US
continuing	dictionary	en_US
destruction	dictionary	en_US
discovery	dictionary	en_US
expedition	dictionary	en_US
musicians	dictionary	en_US
satellite	dictionary	en_US
strategic	dictionary	en_US
transferred	dictionary	en_US
candidate	dictionary	en_US
distinguish	dictionary	en_US
experiences	dictionary	en_US
manufacturers	dictionary	en_US
operational	dictionary	en_US
restaurants	dictionary	en_US
complexity	dictionary	en_US
regularly	dictionary	en_US
statements	dictionary	en_US
accompanied	dictionary	en_US
celebrated	dictionary	en_US
convinced	dictionary	en_US
employees	dictionary	en_US
industries	dictionary	en_US
mathematics	dictionary	en_US
ownership	dictionary	en_US
passenger	dictionary	en_US
perspective	dictionary	en_US
traditionally	dictionary	en_US
agriculture	dictionary	en_US
attracted	dictionary	en_US
frequencies	dictionary	en_US
investigation	dictionary	en_US
producers	dictionary	en_US
surrounded	dictionary	en_US
virtually	dictionary	en_US
educational	dictionary	en_US
quantities	dictionary	en_US
simultaneously	dictionary	en_US
situations	dictionary	en_US
variation	dictionary	en_US
arrangement	dictionary	en_US
contribution	dictionary	en_US
exclusively	dictionary	en_US
inflation	dictionary	en_US
measurement	dictionary	en_US
proportion	dictionary	en_US
structural	dictionary	en_US
advertising	dictionary	en_US
arguments	dictionary	en_US
defensive	dictionary	en_US
difficulty	dictionary	en_US
explanation	dictionary	en_US
reactions	dictionary	en_US
scheduled	dictionary	en_US
societies	dictionary	en_US
theoretical	dictionary	en_US
underlying	dictionary	en_US
characterized	dictionary	en_US
distances	dictionary	en_US
molecular	dictionary	en_US
observations	dictionary	en_US
permission	dictionary	en_US
artificial	dictionary	en_US
certainly	dictionary	en_US
classification	dictionary	en_US
collections	dictionary	en_US
describing	dictionary	en_US
independently	dictionary	en_US
mechanics	dictionary	en_US
philosophical	dictionary	en_US
possession	dictionary	en_US
transformation	dictionary	en_US
meanwhile	dictionary	en_US
controversial	dictionary	en_US
cooperation	dictionary	en_US
magnitude	dictionary	en_US
passengers	dictionary	en_US
perceived	dictionary	en_US
referring	dictionary	en_US
separation	dictionary	en_US
territories	dictionary	en_US
distinctive	dictionary	en_US
equations	dictionary	en_US
execution	dictionary	en_US
operators	dictionary	en_US
presidential	dictionary	en_US
replacement	dictionary	en_US
spacecraft	dictionary	en_US
threatened	dictionary	en_US
republican	dictionary	en_US
afterwards	dictionary	en_US
confusion	dictionary	en_US
customers	dictionary	en_US
definitions	dictionary	en_US
diplomatic	dictionary	en_US
dominated	dictionary	en_US
establishment	dictionary	en_US
interpreted	dictionary	en_US
processor	dictionary	en_US
restrictions	dictionary	en_US
technologies	dictionary	en_US
vulnerable	dictionary	en_US
concerning	dictionary	en_US
newspapers	dictionary	en_US
procedures	dictionary	en_US
alongside	dictionary	en_US
attempting	dictionary	en_US
contribute	dictionary	en_US
destination	dictionary	en_US
districts	dictionary	en_US
implement	dictionary	en_US
improvements	dictionary	en_US
manufactured	dictionary	en_US
regardless	dictionary	en_US
representative	dictionary	en_US
supporters	dictionary	en_US
suspended	dictionary	en_US
addresses	dictionary	en_US
algorithms	dictionary	en_US
consequences	dictionary	en_US
contributions	dictionary	en_US
employment	dictionary	en_US
functional	dictionary	en_US
measurements	dictionary	en_US
naturally	dictionary	en_US
occasions	dictionary	en_US
opponents	dictionary	en_US
publishing	dictionary	en_US
compatible	dictionary	en_US
complicated	dictionary	en_US
consisted	dictionary	en_US
entertainment	dictionary	en_US
explicitly	dictionary	en_US
literally	dictionary	en_US
potentially	dictionary	en_US
preserved	dictionary	en_US
psychological	dictionary	en_US
recognize	dictionary	en_US
requested	dictionary	en_US
democrats	dictionary	en_US
addressed	dictionary	en_US
advantages	dictionary	en_US
concentrated	dictionary	en_US
displayed	dictionary	en_US
followers	dictionary	en_US
influences	dictionary	en_US
jurisdiction	dictionary	en_US
nomination	dictionary	en_US
punishment	dictionary	en_US
retirement	dictionary	en_US
completion	dictionary	en_US
consequence	dictionary	en_US
electromagnetic	dictionary	en_US
historically	dictionary	en_US
nominated	dictionary	en_US
offensive	dictionary	en_US
prevented	dictionary	en_US
prisoners	dictionary	en_US
significance	dictionary	en_US
sufficiently	dictionary	en_US
underground	dictionary	en_US
acceptance	dictionary	en_US
considerably	dictionary	en_US
constantly	dictionary	en_US
democratic	dictionary	en_US
dimensions	dictionary	en_US
directions	dictionary	en_US
generations	dictionary	en_US
indicates	dictionary	en_US
indigenous	dictionary	en_US
insurance	dictionary	en_US
interference	dictionary	en_US
maintaining	dictionary	en_US
regulations	dictionary	en_US
unemployment	dictionary	en_US
varieties	dictionary	en_US
correspondence	dictionary	en_US
difficulties	dictionary	en_US
elaborate	dictionary	en_US
environments	dictionary	en_US
personality	dictionary	en_US
phenomena	dictionary	en_US
psychology	dictionary	en_US
repeatedly	dictionary	en_US
residential	dictionary	en_US
appearances	dictionary	en_US
capabilities	dictionary	en_US
childhood	dictionary	en_US
competing	dictionary	en_US
constitutional	dictionary	en_US
equilibrium	dictionary	en_US
headquarters	dictionary	en_US
indicating	dictionary	en_US
ministers	dictionary	en_US
primitive	dictionary	en_US
recordings	dictionary	en_US
wavelength	dictionary	en_US
retrieved	dictionary	en_US
architectural	dictionary	en_US
capability	dictionary	en_US
challenges	dictionary	en_US
coalition	dictionary	en_US
decreased	dictionary	en_US
developments	dictionary	en_US
friendship	dictionary	en_US
identification	dictionary	en_US
intellectual	dictionary	en_US
opportunities	dictionary	en_US
variables	dictionary	en_US
calculated	dictionary	en_US
exclusive	dictionary	en_US
immigrants	dictionary	en_US
involvement	dictionary	en_US
limitations	dictionary	en_US
maintains	dictionary	en_US
participants	dictionary	en_US
requirement	dictionary	en_US
anniversary	dictionary	en_US
commissioned	dictionary	en_US
conclusion	dictionary	en_US
developers	dictionary	en_US
emergency	dictionary	en_US
horizontal	dictionary	en_US
infection	dictionary	en_US
intention	dictionary	en_US
originated	dictionary	en_US
preparation	dictionary	en_US
representatives	dictionary	en_US
requiring	dictionary	en_US
statistical	dictionary	en_US
substances	dictionary	en_US
traveling	dictionary	en_US
abilities	dictionary	en_US
automatically	dictionary	en_US
consecutive	dictionary	en_US
corruption	dictionary	en_US
discipline	dictionary	en_US
expanding	dictionary	en_US
invention	dictionary	en_US
mainstream	dictionary	en_US
portrayed	dictionary	en_US
precision	dictionary	en_US
publications	dictionary	en_US
statistics	dictionary	en_US
submitted	dictionary	en_US
accomplished	dictionary	en_US
alternate	dictionary	en_US
appointment	dictionary	en_US
availability	dictionary	en_US
campaigns	dictionary	en_US
conceived	dictionary	en_US
improvement	dictionary	en_US
inherited	dictionary	en_US
initiated	dictionary	en_US
instances	dictionary	en_US
integration	dictionary	en_US
intervals	dictionary	en_US
mechanisms	dictionary	en_US
oxidation	dictionary	en_US
remainder	dictionary	en_US
succession	dictionary	en_US
universities	dictionary	en_US
casualties	dictionary	en_US
chemicals	dictionary	en_US
combinations	dictionary	en_US
competitive	dictionary	en_US
computing	dictionary	en_US
consideration	dictionary	en_US
considering	dictionary	en_US
departure	dictionary	en_US
historian	dictionary	en_US
instrumental	dictionary	en_US
legislature	dictionary	en_US
manufacture	dictionary	en_US
manuscript	dictionary	en_US
neighborhood	dictionary	en_US
reportedly	dictionary	en_US
sequences	dictionary	en_US
acceptable	dictionary	en_US
appearing	dictionary	en_US
communicate	dictionary	en_US
conservative	dictionary	en_US
democracy	dictionary	en_US
economics	dictionary	en_US
extending	dictionary	en_US
marketing	dictionary	en_US
negotiations	dictionary	en_US
sensitive	dictionary	en_US
corporation	dictionary	en_US
agreements	dictionary	en_US
audiences	dictionary	en_US
civilians	dictionary	en_US
commanded	dictionary	en_US
documentary	dictionary	en_US
effectiveness	dictionary	en_US
expressions	dictionary	en_US
extensively	dictionary	en_US
fragments	dictionary	en_US
interactions	dictionary	en_US
introduce	dictionary	en_US
presentation	dictionary	en_US
commercially	dictionary	en_US
continuously	dictionary	en_US
corporate	dictionary	en_US
depression	dictionary	en_US
dismissed	dictionary	en_US
